Bilhetes,Status_Geral,Área Resp. Operação,Obs. Operação,Setor,Ponto de venda,Código Iata
70104153912,Pendente de Lançamento (Não Consta),Ivanete Bertasol,,Operação,Matriz (Barueri),14-00042-0
70105476027,Pendente de Lançamento (Não Consta),Ivanete Bertasol,,Operação,Matriz (Barueri),14-00042-0
70095119271,Pendente de Lançamento (Não Consta),Keli Santi,,Operação,Matriz (Barueri),57-00054-3
70099383939,Pendente de Lançamento (Não Consta),Keli Santi,,Operação,Matriz (Barueri),57-00054-3
70105661752,Pendente de Lançamento (Não Consta),Keli Santi,,Operação,Matriz (Barueri),57-00054-3
70105678387,Pendente de Lançamento (Não Consta),Keli Santi,,Operação,Matriz (Barueri),57-00054-3
70105678435,Pendente de Lançamento (Não Consta),Keli Santi,,Operação,Matriz (Barueri),57-00054-3
72008481975,Pendente de Lançamento (Não Consta),Keli Santi,,Operação,Matriz (Barueri),57-00054-3
72009930889,Pendente de Lançamento (Não Consta),Keli Santi,,Operação,Matriz (Barueri),57-00054-3
72009931719,Pendente de Lançamento (Não Consta),Keli Santi,,Operação,Matriz (Barueri),57-00054-3
72009931720,Pendente de Lançamento (Não Consta),Keli Santi,,Operação,Matriz (Barueri),57-00054-3
72009932635,Pendente de Lançamento (Não Consta),Keli Santi,,Operação,Matriz (Barueri),57-00054-3
72009932660,Pendente de Lançamento (Não Consta),Keli Santi,,Operação,Matriz (Barueri),57-00054-3
72009993304,Pendente de Lançamento (Não Consta),Keli Santi,,Operação,Matriz (Barueri),57-00054-3
72009995050,Pendente de Lançamento (Não Consta),Keli Santi,,Operação,Matriz (Barueri),57-00054-3
70101001248,Pendente de Lançamento (Não Consta),Central de Eventos,,Operação,Matriz (Barueri),57-02108-6
70103964745,Pendente de Lançamento (Não Consta),Central de Eventos,,Operação,Matriz (Barueri),57-02108-6
70104267916,Pendente de Lançamento (Não Consta),Central de Eventos,,Operação,Matriz (Barueri),57-02108-6
70104488596,Pendente de Lançamento (Não Consta),Central de Eventos,,Operação,Matriz (Barueri),57-02108-6
70105074713,Pendente de Lançamento (Não Consta),Central de Eventos,,Operação,Matriz (Barueri),57-02108-6
70103531880,Pendente de Lançamento (Não Consta),Central de Eventos,,Operação,Matriz (Barueri),57-03251-1
70102233462,Pendente de Lançamento (Não Consta),Keli Santi,,Operação,Matriz (Barueri),57-05782-5
70102234821,Pendente de Lançamento (Não Consta),Keli Santi,,Operação,Matriz (Barueri),57-05782-5
70102235161,Pendente de Lançamento (Não Consta),Keli Santi,,Operação,Matriz (Barueri),57-05782-5
70102247132,Pendente de Lançamento (Não Consta),Keli Santi,,Operação,Matriz (Barueri),57-05782-5
70102251765,Pendente de Lançamento (Não Consta),Keli Santi,,Operação,Matriz (Barueri),57-05782-5
70102268256,Pendente de Lançamento (Não Consta),Keli Santi,,Operação,Matriz (Barueri),57-05782-5
70102302153,Pendente de Lançamento (Não Consta),Keli Santi,,Operação,Matriz (Barueri),57-05782-5
70102312438,Pendente de Lançamento (Não Consta),Keli Santi,,Operação,Matriz (Barueri),57-05782-5
70102332690,Pendente de Lançamento (Não Consta),Keli Santi,,Operação,Matriz (Barueri),57-05782-5
70102340751,Pendente de Lançamento (Não Consta),Keli Santi,,Operação,Matriz (Barueri),57-05782-5
70102359728,Pendente de Lançamento (Não Consta),Keli Santi,,Operação,Matriz (Barueri),57-05782-5
70102359843,Pendente de Lançamento (Não Consta),Keli Santi,,Operação,Matriz (Barueri),57-05782-5
70102391755,Pendente de Lançamento (Não Consta),Keli Santi,,Operação,Matriz (Barueri),57-05782-5
70102416175,Pendente de Lançamento (Não Consta),Keli Santi,,Operação,Matriz (Barueri),57-05782-5
70102419921,Pendente de Lançamento (Não Consta),Keli Santi,,Operação,Matriz (Barueri),57-05782-5
70102434396,Pendente de Lançamento (Não Consta),Keli Santi,,Operação,Matriz (Barueri),57-05782-5
70102507428,Pendente de Lançamento (Não Consta),Keli Santi,,Operação,Matriz (Barueri),57-05782-5
70102510352,Pendente de Lançamento (Não Consta),Keli Santi,,Operação,Matriz (Barueri),57-05782-5
70102510509,Pendente de Lançamento (Não Consta),Keli Santi,,Operação,Matriz (Barueri),57-05782-5
70102511563,Pendente de Lançamento (Não Consta),Keli Santi,,Operação,Matriz (Barueri),57-05782-5
70102518273,Pendente de Lançamento (Não Consta),Keli Santi,,Operação,Matriz (Barueri),57-05782-5
70102520447,Pendente de Lançamento (Não Consta),Keli Santi,,Operação,Matriz (Barueri),57-05782-5
70102552009,Pendente de Lançamento (Não Consta),Keli Santi,,Operação,Matriz (Barueri),57-05782-5
70102655467,Pendente de Lançamento (Não Consta),Keli Santi,,Operação,Matriz (Barueri),57-05782-5
70102655561,Pendente de Lançamento (Não Consta),Keli Santi,,Operação,Matriz (Barueri),57-05782-5
70102659870,Pendente de Lançamento (Não Consta),Keli Santi,,Operação,Matriz (Barueri),57-05782-5
70102660446,Pendente de Lançamento (Não Consta),Keli Santi,,Operação,Matriz (Barueri),57-05782-5
70102676593,Pendente de Lançamento (Não Consta),Keli Santi,,Operação,Matriz (Barueri),57-05782-5
70102679702,Pendente de Lançamento (Não Consta),Keli Santi,,Operação,Matriz (Barueri),57-05782-5
70102682022,Pendente de Lançamento (Não Consta),Keli Santi,,Operação,Matriz (Barueri),57-05782-5
70102685168,Pendente de Lançamento (Não Consta),Keli Santi,,Operação,Matriz (Barueri),57-05782-5
70102688079,Pendente de Lançamento (Não Consta),Keli Santi,,Operação,Matriz (Barueri),57-05782-5
70102689125,Pendente de Lançamento (Não Consta),Keli Santi,,Operação,Matriz (Barueri),57-05782-5
70102689863,Pendente de Lançamento (Não Consta),Keli Santi,,Operação,Matriz (Barueri),57-05782-5
70102690857,Pendente de Lançamento (Não Consta),Keli Santi,,Operação,Matriz (Barueri),57-05782-5
70102699572,Pendente de Lançamento (Não Consta),Keli Santi,,Operação,Matriz (Barueri),57-05782-5
70102699856,Pendente de Lançamento (Não Consta),Keli Santi,,Operação,Matriz (Barueri),57-05782-5
70102703777,Pendente de Lançamento (Não Consta),Keli Santi,,Operação,Matriz (Barueri),57-05782-5
70102726708,Pendente de Lançamento (Não Consta),Keli Santi,,Operação,Matriz (Barueri),57-05782-5
70102729696,Pendente de Lançamento (Não Consta),Keli Santi,,Operação,Matriz (Barueri),57-05782-5
70102776673,Pendente de Lançamento (Não Consta),Keli Santi,,Operação,Matriz (Barueri),57-05782-5
70102786840,Pendente de Lançamento (Não Consta),Keli Santi,,Operação,Matriz (Barueri),57-05782-5
70102791741,Pendente de Lançamento (Não Consta),Keli Santi,,Operação,Matriz (Barueri),57-05782-5
70102793440,Pendente de Lançamento (Não Consta),Keli Santi,,Operação,Matriz (Barueri),57-05782-5
70102800784,Pendente de Lançamento (Não Consta),Keli Santi,,Operação,Matriz (Barueri),57-05782-5
70102810210,Pendente de Lançamento (Não Consta),Keli Santi,,Operação,Matriz (Barueri),57-05782-5
70102812079,Pendente de Lançamento (Não Consta),Keli Santi,,Operação,Matriz (Barueri),57-05782-5
70102842265,Pendente de Lançamento (Não Consta),Keli Santi,,Operação,Matriz (Barueri),57-05782-5
70102848290,Pendente de Lançamento (Não Consta),Keli Santi,,Operação,Matriz (Barueri),57-05782-5
70102851116,Pendente de Lançamento (Não Consta),Keli Santi,,Operação,Matriz (Barueri),57-05782-5
70102857834,Pendente de Lançamento (Não Consta),Keli Santi,,Operação,Matriz (Barueri),57-05782-5
70102865949,Pendente de Lançamento (Não Consta),Keli Santi,,Operação,Matriz (Barueri),57-05782-5
70102882356,Pendente de Lançamento (Não Consta),Keli Santi,,Operação,Matriz (Barueri),57-05782-5
70102882422,Pendente de Lançamento (Não Consta),Keli Santi,,Operação,Matriz (Barueri),57-05782-5
70102943405,Pendente de Lançamento (Não Consta),Keli Santi,,Operação,Matriz (Barueri),57-05782-5
70102943441,Pendente de Lançamento (Não Consta),Keli Santi,,Operação,Matriz (Barueri),57-05782-5
70102982597,Pendente de Lançamento (Não Consta),Keli Santi,,Operação,Matriz (Barueri),57-05782-5
70102986800,Pendente de Lançamento (Não Consta),Keli Santi,,Operação,Matriz (Barueri),57-05782-5
70103029005,Pendente de Lançamento (Não Consta),Keli Santi,,Operação,Matriz (Barueri),57-05782-5
70103030166,Pendente de Lançamento (Não Consta),Keli Santi,,Operação,Matriz (Barueri),57-05782-5
70103036082,Pendente de Lançamento (Não Consta),Keli Santi,,Operação,Matriz (Barueri),57-05782-5
70103065705,Pendente de Lançamento (Não Consta),Keli Santi,,Operação,Matriz (Barueri),57-05782-5
70103066846,Pendente de Lançamento (Não Consta),Keli Santi,,Operação,Matriz (Barueri),57-05782-5
70103092091,Pendente de Lançamento (Não Consta),Keli Santi,,Operação,Matriz (Barueri),57-05782-5
70103122901,Pendente de Lançamento (Não Consta),Keli Santi,,Operação,Matriz (Barueri),57-05782-5
70103155395,Pendente de Lançamento (Não Consta),Keli Santi,,Operação,Matriz (Barueri),57-05782-5
70103200246,Pendente de Lançamento (Não Consta),Keli Santi,,Operação,Matriz (Barueri),57-05782-5
70103222845,Pendente de Lançamento (Não Consta),Keli Santi,,Operação,Matriz (Barueri),57-05782-5
70103222918,Pendente de Lançamento (Não Consta),Keli Santi,,Operação,Matriz (Barueri),57-05782-5
70103233009,Pendente de Lançamento (Não Consta),Keli Santi,,Operação,Matriz (Barueri),57-05782-5
70103244331,Pendente de Lançamento (Não Consta),Keli Santi,,Operação,Matriz (Barueri),57-05782-5
70103254374,Pendente de Lançamento (Não Consta),Keli Santi,,Operação,Matriz (Barueri),57-05782-5
70103264711,Pendente de Lançamento (Não Consta),Keli Santi,,Operação,Matriz (Barueri),57-05782-5
70103349481,Pendente de Lançamento (Não Consta),Keli Santi,,Operação,Matriz (Barueri),57-05782-5
70103385603,Pendente de Lançamento (Não Consta),Keli Santi,,Operação,Matriz (Barueri),57-05782-5
70103425958,Pendente de Lançamento (Não Consta),Keli Santi,,Operação,Matriz (Barueri),57-05782-5
70103426039,Pendente de Lançamento (Não Consta),Keli Santi,,Operação,Matriz (Barueri),57-05782-5
70103443989,Pendente de Lançamento (Não Consta),Keli Santi,,Operação,Matriz (Barueri),57-05782-5
70103485726,Pendente de Lançamento (Não Consta),Keli Santi,,Operação,Matriz (Barueri),57-05782-5
70103491210,Pendente de Lançamento (Não Consta),Keli Santi,,Operação,Matriz (Barueri),57-05782-5
70103520761,Pendente de Lançamento (Não Consta),Keli Santi,,Operação,Matriz (Barueri),57-05782-5
70103521301,Pendente de Lançamento (Não Consta),Keli Santi,,Operação,Matriz (Barueri),57-05782-5
70103521354,Pendente de Lançamento (Não Consta),Keli Santi,,Operação,Matriz (Barueri),57-05782-5
70103521511,Pendente de Lançamento (Não Consta),Keli Santi,,Operação,Matriz (Barueri),57-05782-5
70103522064,Pendente de Lançamento (Não Consta),Keli Santi,,Operação,Matriz (Barueri),57-05782-5
70103523475,Pendente de Lançamento (Não Consta),Keli Santi,,Operação,Matriz (Barueri),57-05782-5
70103524875,Pendente de Lançamento (Não Consta),Keli Santi,,Operação,Matriz (Barueri),57-05782-5
70103529022,Pendente de Lançamento (Não Consta),Keli Santi,,Operação,Matriz (Barueri),57-05782-5
70103529152,Pendente de Lançamento (Não Consta),Keli Santi,,Operação,Matriz (Barueri),57-05782-5
70103534131,Pendente de Lançamento (Não Consta),Keli Santi,,Operação,Matriz (Barueri),57-05782-5
70103534301,Pendente de Lançamento (Não Consta),Keli Santi,,Operação,Matriz (Barueri),57-05782-5
70103540738,Pendente de Lançamento (Não Consta),Keli Santi,,Operação,Matriz (Barueri),57-05782-5
70103541839,Pendente de Lançamento (Não Consta),Keli Santi,,Operação,Matriz (Barueri),57-05782-5
70103549981,Pendente de Lançamento (Não Consta),Keli Santi,,Operação,Matriz (Barueri),57-05782-5
70103560500,Pendente de Lançamento (Não Consta),Keli Santi,,Operação,Matriz (Barueri),57-05782-5
70103562776,Pendente de Lançamento (Não Consta),Keli Santi,,Operação,Matriz (Barueri),57-05782-5
70103573016,Pendente de Lançamento (Não Consta),Keli Santi,,Operação,Matriz (Barueri),57-05782-5
70103573786,Pendente de Lançamento (Não Consta),Keli Santi,,Operação,Matriz (Barueri),57-05782-5
70103573808,Pendente de Lançamento (Não Consta),Keli Santi,,Operação,Matriz (Barueri),57-05782-5
70103585000,Pendente de Lançamento (Não Consta),Keli Santi,,Operação,Matriz (Barueri),57-05782-5
70103598275,Pendente de Lançamento (Não Consta),Keli Santi,,Operação,Matriz (Barueri),57-05782-5
70103598306,Pendente de Lançamento (Não Consta),Keli Santi,,Operação,Matriz (Barueri),57-05782-5
70103599214,Pendente de Lançamento (Não Consta),Keli Santi,,Operação,Matriz (Barueri),57-05782-5
70103601735,Pendente de Lançamento (Não Consta),Keli Santi,,Operação,Matriz (Barueri),57-05782-5
70103602700,Pendente de Lançamento (Não Consta),Keli Santi,,Operação,Matriz (Barueri),57-05782-5
70103604415,Pendente de Lançamento (Não Consta),Keli Santi,,Operação,Matriz (Barueri),57-05782-5
70103613762,Pendente de Lançamento (Não Consta),Keli Santi,,Operação,Matriz (Barueri),57-05782-5
70103626325,Pendente de Lançamento (Não Consta),Keli Santi,,Operação,Matriz (Barueri),57-05782-5
70103626557,Pendente de Lançamento (Não Consta),Keli Santi,,Operação,Matriz (Barueri),57-05782-5
70103626909,Pendente de Lançamento (Não Consta),Keli Santi,,Operação,Matriz (Barueri),57-05782-5
70103652166,Pendente de Lançamento (Não Consta),Keli Santi,,Operação,Matriz (Barueri),57-05782-5
70103653318,Pendente de Lançamento (Não Consta),Keli Santi,,Operação,Matriz (Barueri),57-05782-5
70103653506,Pendente de Lançamento (Não Consta),Keli Santi,,Operação,Matriz (Barueri),57-05782-5
70103653585,Pendente de Lançamento (Não Consta),Keli Santi,,Operação,Matriz (Barueri),57-05782-5
70103653819,Pendente de Lançamento (Não Consta),Keli Santi,,Operação,Matriz (Barueri),57-05782-5
70103655362,Pendente de Lançamento (Não Consta),Keli Santi,,Operação,Matriz (Barueri),57-05782-5
70103655548,Pendente de Lançamento (Não Consta),Keli Santi,,Operação,Matriz (Barueri),57-05782-5
70103660834,Pendente de Lançamento (Não Consta),Keli Santi,,Operação,Matriz (Barueri),57-05782-5
70103663721,Pendente de Lançamento (Não Consta),Keli Santi,,Operação,Matriz (Barueri),57-05782-5
70103663882,Pendente de Lançamento (Não Consta),Keli Santi,,Operação,Matriz (Barueri),57-05782-5
70103672373,Pendente de Lançamento (Não Consta),Keli Santi,,Operação,Matriz (Barueri),57-05782-5
70103673044,Pendente de Lançamento (Não Consta),Keli Santi,,Operação,Matriz (Barueri),57-05782-5
70103675956,Pendente de Lançamento (Não Consta),Keli Santi,,Operação,Matriz (Barueri),57-05782-5
70103675959,Pendente de Lançamento (Não Consta),Keli Santi,,Operação,Matriz (Barueri),57-05782-5
70103677552,Pendente de Lançamento (Não Consta),Keli Santi,,Operação,Matriz (Barueri),57-05782-5
70103679094,Pendente de Lançamento (Não Consta),Keli Santi,,Operação,Matriz (Barueri),57-05782-5
70103687235,Pendente de Lançamento (Não Consta),Keli Santi,,Operação,Matriz (Barueri),57-05782-5
70103698025,Pendente de Lançamento (Não Consta),Keli Santi,,Operação,Matriz (Barueri),57-05782-5
70103698708,Pendente de Lançamento (Não Consta),Keli Santi,,Operação,Matriz (Barueri),57-05782-5
70103717415,Pendente de Lançamento (Não Consta),Keli Santi,,Operação,Matriz (Barueri),57-05782-5
70103722117,Pendente de Lançamento (Não Consta),Keli Santi,,Operação,Matriz (Barueri),57-05782-5
70103734558,Pendente de Lançamento (Não Consta),Keli Santi,,Operação,Matriz (Barueri),57-05782-5
70103747767,Pendente de Lançamento (Não Consta),Keli Santi,,Operação,Matriz (Barueri),57-05782-5
70103749452,Pendente de Lançamento (Não Consta),Keli Santi,,Operação,Matriz (Barueri),57-05782-5
70103753080,Pendente de Lançamento (Não Consta),Keli Santi,,Operação,Matriz (Barueri),57-05782-5
70103759831,Pendente de Lançamento (Não Consta),Keli Santi,,Operação,Matriz (Barueri),57-05782-5
70103762306,Pendente de Lançamento (Não Consta),Keli Santi,,Operação,Matriz (Barueri),57-05782-5
70103770575,Pendente de Lançamento (Não Consta),Keli Santi,,Operação,Matriz (Barueri),57-05782-5
70103771066,Pendente de Lançamento (Não Consta),Keli Santi,,Operação,Matriz (Barueri),57-05782-5
70103783771,Pendente de Lançamento (Não Consta),Keli Santi,,Operação,Matriz (Barueri),57-05782-5
70103810929,Pendente de Lançamento (Não Consta),Keli Santi,,Operação,Matriz (Barueri),57-05782-5
70103811165,Pendente de Lançamento (Não Consta),Keli Santi,,Operação,Matriz (Barueri),57-05782-5
70103824629,Pendente de Lançamento (Não Consta),Keli Santi,,Operação,Matriz (Barueri),57-05782-5
70103834129,Pendente de Lançamento (Não Consta),Keli Santi,,Operação,Matriz (Barueri),57-05782-5
70103838220,Pendente de Lançamento (Não Consta),Keli Santi,,Operação,Matriz (Barueri),57-05782-5
70103838604,Pendente de Lançamento (Não Consta),Keli Santi,,Operação,Matriz (Barueri),57-05782-5
70103838645,Pendente de Lançamento (Não Consta),Keli Santi,,Operação,Matriz (Barueri),57-05782-5
70103839548,Pendente de Lançamento (Não Consta),Keli Santi,,Operação,Matriz (Barueri),57-05782-5
70103844515,Pendente de Lançamento (Não Consta),Keli Santi,,Operação,Matriz (Barueri),57-05782-5
70103845496,Pendente de Lançamento (Não Consta),Keli Santi,,Operação,Matriz (Barueri),57-05782-5
70103848115,Pendente de Lançamento (Não Consta),Keli Santi,,Operação,Matriz (Barueri),57-05782-5
70103848525,Pendente de Lançamento (Não Consta),Keli Santi,,Operação,Matriz (Barueri),57-05782-5
70103850158,Pendente de Lançamento (Não Consta),Keli Santi,,Operação,Matriz (Barueri),57-05782-5
70103854362,Pendente de Lançamento (Não Consta),Keli Santi,,Operação,Matriz (Barueri),57-05782-5
70103868126,Pendente de Lançamento (Não Consta),Keli Santi,,Operação,Matriz (Barueri),57-05782-5
70103868793,Pendente de Lançamento (Não Consta),Keli Santi,,Operação,Matriz (Barueri),57-05782-5
70103870631,Pendente de Lançamento (Não Consta),Keli Santi,,Operação,Matriz (Barueri),57-05782-5
70103876260,Pendente de Lançamento (Não Consta),Keli Santi,,Operação,Matriz (Barueri),57-05782-5
70103881622,Pendente de Lançamento (Não Consta),Keli Santi,,Operação,Matriz (Barueri),57-05782-5
70103881781,Pendente de Lançamento (Não Consta),Keli Santi,,Operação,Matriz (Barueri),57-05782-5
70103886455,Pendente de Lançamento (Não Consta),Keli Santi,,Operação,Matriz (Barueri),57-05782-5
70103887045,Pendente de Lançamento (Não Consta),Keli Santi,,Operação,Matriz (Barueri),57-05782-5
70103890680,Pendente de Lançamento (Não Consta),Keli Santi,,Operação,Matriz (Barueri),57-05782-5
70103909497,Pendente de Lançamento (Não Consta),Keli Santi,,Operação,Matriz (Barueri),57-05782-5
70103913529,Pendente de Lançamento (Não Consta),Keli Santi,,Operação,Matriz (Barueri),57-05782-5
70103915089,Pendente de Lançamento (Não Consta),Keli Santi,,Operação,Matriz (Barueri),57-05782-5
70103917242,Pendente de Lançamento (Não Consta),Keli Santi,,Operação,Matriz (Barueri),57-05782-5
70103919526,Pendente de Lançamento (Não Consta),Keli Santi,,Operação,Matriz (Barueri),57-05782-5
70103927304,Pendente de Lançamento (Não Consta),Keli Santi,,Operação,Matriz (Barueri),57-05782-5
70103927463,Pendente de Lançamento (Não Consta),Keli Santi,,Operação,Matriz (Barueri),57-05782-5
70103945090,Pendente de Lançamento (Não Consta),Keli Santi,,Operação,Matriz (Barueri),57-05782-5
70103954864,Pendente de Lançamento (Não Consta),Keli Santi,,Operação,Matriz (Barueri),57-05782-5
70103974136,Pendente de Lançamento (Não Consta),Keli Santi,,Operação,Matriz (Barueri),57-05782-5
70103977120,Pendente de Lançamento (Não Consta),Keli Santi,,Operação,Matriz (Barueri),57-05782-5
70103983481,Pendente de Lançamento (Não Consta),Keli Santi,,Operação,Matriz (Barueri),57-05782-5
70104003484,Pendente de Lançamento (Não Consta),Keli Santi,,Operação,Matriz (Barueri),57-05782-5
70104020210,Pendente de Lançamento (Não Consta),Keli Santi,,Operação,Matriz (Barueri),57-05782-5
70104032161,Pendente de Lançamento (Não Consta),Keli Santi,,Operação,Matriz (Barueri),57-05782-5
70104035875,Pendente de Lançamento (Não Consta),Keli Santi,,Operação,Matriz (Barueri),57-05782-5
70104038879,Pendente de Lançamento (Não Consta),Keli Santi,,Operação,Matriz (Barueri),57-05782-5
70104041076,Pendente de Lançamento (Não Consta),Keli Santi,,Operação,Matriz (Barueri),57-05782-5
70104041210,Pendente de Lançamento (Não Consta),Keli Santi,,Operação,Matriz (Barueri),57-05782-5
70104041231,Pendente de Lançamento (Não Consta),Keli Santi,,Operação,Matriz (Barueri),57-05782-5
70104041834,Pendente de Lançamento (Não Consta),Keli Santi,,Operação,Matriz (Barueri),57-05782-5
70104045112,Pendente de Lançamento (Não Consta),Keli Santi,,Operação,Matriz (Barueri),57-05782-5
70104052586,Pendente de Lançamento (Não Consta),Keli Santi,,Operação,Matriz (Barueri),57-05782-5
70104063655,Pendente de Lançamento (Não Consta),Keli Santi,,Operação,Matriz (Barueri),57-05782-5
70104064815,Pendente de Lançamento (Não Consta),Keli Santi,,Operação,Matriz (Barueri),57-05782-5
70104071881,Pendente de Lançamento (Não Consta),Keli Santi,,Operação,Matriz (Barueri),57-05782-5
70104073937,Pendente de Lançamento (Não Consta),Keli Santi,,Operação,Matriz (Barueri),57-05782-5
70104077557,Pendente de Lançamento (Não Consta),Keli Santi,,Operação,Matriz (Barueri),57-05782-5
70104077955,Pendente de Lançamento (Não Consta),Keli Santi,,Operação,Matriz (Barueri),57-05782-5
70104088191,Pendente de Lançamento (Não Consta),Keli Santi,,Operação,Matriz (Barueri),57-05782-5
70104088956,Pendente de Lançamento (Não Consta),Keli Santi,,Operação,Matriz (Barueri),57-05782-5
70104088973,Pendente de Lançamento (Não Consta),Keli Santi,,Operação,Matriz (Barueri),57-05782-5
70104101128,Pendente de Lançamento (Não Consta),Keli Santi,,Operação,Matriz (Barueri),57-05782-5
70104101770,Pendente de Lançamento (Não Consta),Keli Santi,,Operação,Matriz (Barueri),57-05782-5
70104102802,Pendente de Lançamento (Não Consta),Keli Santi,,Operação,Matriz (Barueri),57-05782-5
70104113946,Pendente de Lançamento (Não Consta),Keli Santi,,Operação,Matriz (Barueri),57-05782-5
70104114988,Pendente de Lançamento (Não Consta),Keli Santi,,Operação,Matriz (Barueri),57-05782-5
70104123022,Pendente de Lançamento (Não Consta),Keli Santi,,Operação,Matriz (Barueri),57-05782-5
70104124810,Pendente de Lançamento (Não Consta),Keli Santi,,Operação,Matriz (Barueri),57-05782-5
70104126245,Pendente de Lançamento (Não Consta),Keli Santi,,Operação,Matriz (Barueri),57-05782-5
70104134089,Pendente de Lançamento (Não Consta),Keli Santi,,Operação,Matriz (Barueri),57-05782-5
70104135490,Pendente de Lançamento (Não Consta),Keli Santi,,Operação,Matriz (Barueri),57-05782-5
70104135781,Pendente de Lançamento (Não Consta),Keli Santi,,Operação,Matriz (Barueri),57-05782-5
70104137038,Pendente de Lançamento (Não Consta),Keli Santi,,Operação,Matriz (Barueri),57-05782-5
70104139444,Pendente de Lançamento (Não Consta),Keli Santi,,Operação,Matriz (Barueri),57-05782-5
70104144092,Pendente de Lançamento (Não Consta),Keli Santi,,Operação,Matriz (Barueri),57-05782-5
70104156029,Pendente de Lançamento (Não Consta),Keli Santi,,Operação,Matriz (Barueri),57-05782-5
70104165056,Pendente de Lançamento (Não Consta),Keli Santi,,Operação,Matriz (Barueri),57-05782-5
70104165317,Pendente de Lançamento (Não Consta),Keli Santi,,Operação,Matriz (Barueri),57-05782-5
70104166294,Pendente de Lançamento (Não Consta),Keli Santi,,Operação,Matriz (Barueri),57-05782-5
70104171400,Pendente de Lançamento (Não Consta),Keli Santi,,Operação,Matriz (Barueri),57-05782-5
70104174561,Pendente de Lançamento (Não Consta),Keli Santi,,Operação,Matriz (Barueri),57-05782-5
70104174630,Pendente de Lançamento (Não Consta),Keli Santi,,Operação,Matriz (Barueri),57-05782-5
70104184686,Pendente de Lançamento (Não Consta),Keli Santi,,Operação,Matriz (Barueri),57-05782-5
70104184787,Pendente de Lançamento (Não Consta),Keli Santi,,Operação,Matriz (Barueri),57-05782-5
70104200491,Pendente de Lançamento (Não Consta),Keli Santi,,Operação,Matriz (Barueri),57-05782-5
70104200543,Pendente de Lançamento (Não Consta),Keli Santi,,Operação,Matriz (Barueri),57-05782-5
70104202065,Pendente de Lançamento (Não Consta),Keli Santi,,Operação,Matriz (Barueri),57-05782-5
70104202576,Pendente de Lançamento (Não Consta),Keli Santi,,Operação,Matriz (Barueri),57-05782-5
70104205290,Pendente de Lançamento (Não Consta),Keli Santi,,Operação,Matriz (Barueri),57-05782-5
70104207336,Pendente de Lançamento (Não Consta),Keli Santi,,Operação,Matriz (Barueri),57-05782-5
70104208323,Pendente de Lançamento (Não Consta),Keli Santi,,Operação,Matriz (Barueri),57-05782-5
70104211685,Emitido e Lançado,Keli Santi,,Operação,Matriz (Barueri),57-05782-5
70104213543,Pendente de Lançamento (Não Consta),Keli Santi,,Operação,Matriz (Barueri),57-05782-5
70104217395,Pendente de Lançamento (Não Consta),Keli Santi,,Operação,Matriz (Barueri),57-05782-5
70104219465,Pendente de Lançamento (Não Consta),Keli Santi,,Operação,Matriz (Barueri),57-05782-5
70104221436,Pendente de Lançamento (Não Consta),Keli Santi,,Operação,Matriz (Barueri),57-05782-5
70104233529,Pendente de Lançamento (Não Consta),Keli Santi,,Operação,Matriz (Barueri),57-05782-5
70104233532,Pendente de Lançamento (Não Consta),Keli Santi,,Operação,Matriz (Barueri),57-05782-5
70104233615,Pendente de Lançamento (Não Consta),Keli Santi,,Operação,Matriz (Barueri),57-05782-5
70104234930,Pendente de Lançamento (Não Consta),Keli Santi,,Operação,Matriz (Barueri),57-05782-5
70104242382,Pendente de Lançamento (Não Consta),Keli Santi,,Operação,Matriz (Barueri),57-05782-5
70104246651,Pendente de Lançamento (Não Consta),Keli Santi,,Operação,Matriz (Barueri),57-05782-5
70104258125,Pendente de Lançamento (Não Consta),Keli Santi,,Operação,Matriz (Barueri),57-05782-5
70104259480,Pendente de Lançamento (Não Consta),Keli Santi,,Operação,Matriz (Barueri),57-05782-5
70104268388,Pendente de Lançamento (Não Consta),Keli Santi,,Operação,Matriz (Barueri),57-05782-5
70104270201,Pendente de Lançamento (Não Consta),Keli Santi,,Operação,Matriz (Barueri),57-05782-5
70104289669,Pendente de Lançamento (Não Consta),Keli Santi,,Operação,Matriz (Barueri),57-05782-5
70104313026,Pendente de Lançamento (Não Consta),Keli Santi,,Operação,Matriz (Barueri),57-05782-5
70104316142,Pendente de Lançamento (Não Consta),Keli Santi,,Operação,Matriz (Barueri),57-05782-5
70104324103,Pendente de Lançamento (Não Consta),Keli Santi,,Operação,Matriz (Barueri),57-05782-5
70104331199,Pendente de Lançamento (Não Consta),Keli Santi,,Operação,Matriz (Barueri),57-05782-5
70104337397,Pendente de Lançamento (Não Consta),Keli Santi,,Operação,Matriz (Barueri),57-05782-5
70104349549,Pendente de Lançamento (Não Consta),Keli Santi,,Operação,Matriz (Barueri),57-05782-5
70104350764,Pendente de Lançamento (Não Consta),Keli Santi,,Operação,Matriz (Barueri),57-05782-5
70104352471,Pendente de Lançamento (Não Consta),Keli Santi,,Operação,Matriz (Barueri),57-05782-5
70104362989,Pendente de Lançamento (Não Consta),Keli Santi,,Operação,Matriz (Barueri),57-05782-5
70104370925,Pendente de Lançamento (Não Consta),Keli Santi,,Operação,Matriz (Barueri),57-05782-5
70104374210,Pendente de Lançamento (Não Consta),Keli Santi,,Operação,Matriz (Barueri),57-05782-5
70104385278,Pendente de Lançamento (Não Consta),Keli Santi,,Operação,Matriz (Barueri),57-05782-5
70104403476,Pendente de Lançamento (Não Consta),Keli Santi,,Operação,Matriz (Barueri),57-05782-5
70104403477,Pendente de Lançamento (Não Consta),Keli Santi,,Operação,Matriz (Barueri),57-05782-5
70104403524,Pendente de Lançamento (Não Consta),Keli Santi,,Operação,Matriz (Barueri),57-05782-5
70104405040,Pendente de Lançamento (Não Consta),Keli Santi,,Operação,Matriz (Barueri),57-05782-5
70104414959,Pendente de Lançamento (Não Consta),Keli Santi,,Operação,Matriz (Barueri),57-05782-5
70104415044,Pendente de Lançamento (Não Consta),Keli Santi,,Operação,Matriz (Barueri),57-05782-5
70104419420,Pendente de Lançamento (Não Consta),Keli Santi,,Operação,Matriz (Barueri),57-05782-5
70104429869,Pendente de Lançamento (Não Consta),Keli Santi,,Operação,Matriz (Barueri),57-05782-5
70104434516,Pendente de Lançamento (Não Consta),Keli Santi,,Operação,Matriz (Barueri),57-05782-5
70104449725,Pendente de Lançamento (Não Consta),Keli Santi,,Operação,Matriz (Barueri),57-05782-5
70104501266,Pendente de Lançamento (Não Consta),Keli Santi,,Operação,Matriz (Barueri),57-05782-5
70104529500,Pendente de Lançamento (Não Consta),Keli Santi,,Operação,Matriz (Barueri),57-05782-5
70104536112,Pendente de Lançamento (Não Consta),Keli Santi,,Operação,Matriz (Barueri),57-05782-5
70104540673,Pendente de Lançamento (Não Consta),Keli Santi,,Operação,Matriz (Barueri),57-05782-5
70104549125,Pendente de Lançamento (Não Consta),Keli Santi,,Operação,Matriz (Barueri),57-05782-5
70104557346,Pendente de Lançamento (Não Consta),Keli Santi,,Operação,Matriz (Barueri),57-05782-5
70104564966,Pendente de Lançamento (Não Consta),Keli Santi,,Operação,Matriz (Barueri),57-05782-5
70104572760,Pendente de Lançamento (Não Consta),Keli Santi,,Operação,Matriz (Barueri),57-05782-5
70104573492,Pendente de Lançamento (Não Consta),Keli Santi,,Operação,Matriz (Barueri),57-05782-5
70104579024,Pendente de Lançamento (Não Consta),Keli Santi,,Operação,Matriz (Barueri),57-05782-5
70104579213,Pendente de Lançamento (Não Consta),Keli Santi,,Operação,Matriz (Barueri),57-05782-5
70104581152,Pendente de Lançamento (Não Consta),Keli Santi,,Operação,Matriz (Barueri),57-05782-5
70104588180,Pendente de Lançamento (Não Consta),Keli Santi,,Operação,Matriz (Barueri),57-05782-5
70104589103,Pendente de Lançamento (Não Consta),Keli Santi,,Operação,Matriz (Barueri),57-05782-5
70104593339,Pendente de Lançamento (Não Consta),Keli Santi,,Operação,Matriz (Barueri),57-05782-5
70104600903,Pendente de Lançamento (Não Consta),Keli Santi,,Operação,Matriz (Barueri),57-05782-5
70104602308,Pendente de Lançamento (Não Consta),Keli Santi,,Operação,Matriz (Barueri),57-05782-5
70104606414,Pendente de Lançamento (Não Consta),Keli Santi,,Operação,Matriz (Barueri),57-05782-5
70104617049,Pendente de Lançamento (Não Consta),Keli Santi,,Operação,Matriz (Barueri),57-05782-5
70104630319,Pendente de Lançamento (Não Consta),Keli Santi,,Operação,Matriz (Barueri),57-05782-5
70104638454,Pendente de Lançamento (Não Consta),Keli Santi,,Operação,Matriz (Barueri),57-05782-5
70104644955,Pendente de Lançamento (Não Consta),Keli Santi,,Operação,Matriz (Barueri),57-05782-5
70104647777,Pendente de Lançamento (Não Consta),Keli Santi,,Operação,Matriz (Barueri),57-05782-5
70104648818,Pendente de Lançamento (Não Consta),Keli Santi,,Operação,Matriz (Barueri),57-05782-5
70104650561,Pendente de Lançamento (Não Consta),Keli Santi,,Operação,Matriz (Barueri),57-05782-5
70104655108,Pendente de Lançamento (Não Consta),Keli Santi,,Operação,Matriz (Barueri),57-05782-5
70104698777,Pendente de Lançamento (Não Consta),Keli Santi,,Operação,Matriz (Barueri),57-05782-5
70104711103,Pendente de Lançamento (Não Consta),Keli Santi,,Operação,Matriz (Barueri),57-05782-5
70104728971,Pendente de Lançamento (Não Consta),Keli Santi,,Operação,Matriz (Barueri),57-05782-5
70104729317,Pendente de Lançamento (Não Consta),Keli Santi,,Operação,Matriz (Barueri),57-05782-5
70104738077,Pendente de Lançamento (Não Consta),Keli Santi,,Operação,Matriz (Barueri),57-05782-5
70104741566,Pendente de Lançamento (Não Consta),Keli Santi,,Operação,Matriz (Barueri),57-05782-5
70104744406,Pendente de Lançamento (Não Consta),Keli Santi,,Operação,Matriz (Barueri),57-05782-5
70104750452,Pendente de Lançamento (Não Consta),Keli Santi,,Operação,Matriz (Barueri),57-05782-5
70104767687,Pendente de Lançamento (Não Consta),Keli Santi,,Operação,Matriz (Barueri),57-05782-5
70104770446,Pendente de Lançamento (Não Consta),Keli Santi,,Operação,Matriz (Barueri),57-05782-5
70104773312,Pendente de Lançamento (Não Consta),Keli Santi,,Operação,Matriz (Barueri),57-05782-5
70104788118,Pendente de Lançamento (Não Consta),Keli Santi,,Operação,Matriz (Barueri),57-05782-5
70104802599,Pendente de Lançamento (Não Consta),Keli Santi,,Operação,Matriz (Barueri),57-05782-5
70104803381,Pendente de Lançamento (Não Consta),Keli Santi,,Operação,Matriz (Barueri),57-05782-5
70104811461,Pendente de Lançamento (Não Consta),Keli Santi,,Operação,Matriz (Barueri),57-05782-5
70104813754,Pendente de Lançamento (Não Consta),Keli Santi,,Operação,Matriz (Barueri),57-05782-5
70104813755,Pendente de Lançamento (Não Consta),Keli Santi,,Operação,Matriz (Barueri),57-05782-5
70104815013,Pendente de Lançamento (Não Consta),Keli Santi,,Operação,Matriz (Barueri),57-05782-5
70104818084,Pendente de Lançamento (Não Consta),Keli Santi,,Operação,Matriz (Barueri),57-05782-5
70104824341,Pendente de Lançamento (Não Consta),Keli Santi,,Operação,Matriz (Barueri),57-05782-5
70104826470,Pendente de Lançamento (Não Consta),Keli Santi,,Operação,Matriz (Barueri),57-05782-5
70104827444,Pendente de Lançamento (Não Consta),Keli Santi,,Operação,Matriz (Barueri),57-05782-5
70104827873,Pendente de Lançamento (Não Consta),Keli Santi,,Operação,Matriz (Barueri),57-05782-5
70104829572,Pendente de Lançamento (Não Consta),Keli Santi,,Operação,Matriz (Barueri),57-05782-5
70104830534,Pendente de Lançamento (Não Consta),Keli Santi,,Operação,Matriz (Barueri),57-05782-5
70104832813,Pendente de Lançamento (Não Consta),Keli Santi,,Operação,Matriz (Barueri),57-05782-5
70104835243,Emitido e Lançado,Keli Santi,,Operação,Matriz (Barueri),57-05782-5
70104837423,Pendente de Lançamento (Não Consta),Keli Santi,,Operação,Matriz (Barueri),57-05782-5
70104841217,Pendente de Lançamento (Não Consta),Keli Santi,,Operação,Matriz (Barueri),57-05782-5
70104843128,Pendente de Lançamento (Não Consta),Keli Santi,,Operação,Matriz (Barueri),57-05782-5
70104845230,Pendente de Lançamento (Não Consta),Keli Santi,,Operação,Matriz (Barueri),57-05782-5
70104851402,Pendente de Lançamento (Não Consta),Keli Santi,,Operação,Matriz (Barueri),57-05782-5
70104851547,Pendente de Lançamento (Não Consta),Keli Santi,,Operação,Matriz (Barueri),57-05782-5
70104851839,Pendente de Lançamento (Não Consta),Keli Santi,,Operação,Matriz (Barueri),57-05782-5
70104862083,Pendente de Lançamento (Não Consta),Keli Santi,,Operação,Matriz (Barueri),57-05782-5
70104868267,Pendente de Lançamento (Não Consta),Keli Santi,,Operação,Matriz (Barueri),57-05782-5
70104869894,Pendente de Lançamento (Não Consta),Keli Santi,,Operação,Matriz (Barueri),57-05782-5
70104874609,Pendente de Lançamento (Não Consta),Keli Santi,,Operação,Matriz (Barueri),57-05782-5
70104876545,Pendente de Lançamento (Não Consta),Keli Santi,,Operação,Matriz (Barueri),57-05782-5
70104878733,Pendente de Lançamento (Não Consta),Keli Santi,,Operação,Matriz (Barueri),57-05782-5
70104878941,Pendente de Lançamento (Não Consta),Keli Santi,,Operação,Matriz (Barueri),57-05782-5
70104888549,Pendente de Lançamento (Não Consta),Keli Santi,,Operação,Matriz (Barueri),57-05782-5
70104891758,Pendente de Lançamento (Não Consta),Keli Santi,,Operação,Matriz (Barueri),57-05782-5
70104894745,Pendente de Lançamento (Não Consta),Keli Santi,,Operação,Matriz (Barueri),57-05782-5
70104898494,Pendente de Lançamento (Não Consta),Keli Santi,,Operação,Matriz (Barueri),57-05782-5
70104907268,Pendente de Lançamento (Não Consta),Keli Santi,,Operação,Matriz (Barueri),57-05782-5
70104913294,Pendente de Lançamento (Não Consta),Keli Santi,,Operação,Matriz (Barueri),57-05782-5
70104923269,Pendente de Lançamento (Não Consta),Keli Santi,,Operação,Matriz (Barueri),57-05782-5
70104926094,Pendente de Lançamento (Não Consta),Keli Santi,,Operação,Matriz (Barueri),57-05782-5
70104932794,Pendente de Lançamento (Não Consta),Keli Santi,,Operação,Matriz (Barueri),57-05782-5
70104940145,Pendente de Lançamento (Não Consta),Keli Santi,,Operação,Matriz (Barueri),57-05782-5
70104953394,Pendente de Lançamento (Não Consta),Keli Santi,,Operação,Matriz (Barueri),57-05782-5
70104961026,Pendente de Lançamento (Não Consta),Keli Santi,,Operação,Matriz (Barueri),57-05782-5
70104966416,Pendente de Lançamento (Não Consta),Keli Santi,,Operação,Matriz (Barueri),57-05782-5
70104972333,Pendente de Lançamento (Não Consta),Keli Santi,,Operação,Matriz (Barueri),57-05782-5
70104976427,Pendente de Lançamento (Não Consta),Keli Santi,,Operação,Matriz (Barueri),57-05782-5
70104983514,Pendente de Lançamento (Não Consta),Keli Santi,,Operação,Matriz (Barueri),57-05782-5
70104985405,Pendente de Lançamento (Não Consta),Keli Santi,,Operação,Matriz (Barueri),57-05782-5
70104987096,Pendente de Lançamento (Não Consta),Keli Santi,,Operação,Matriz (Barueri),57-05782-5
70104991009,Pendente de Lançamento (Não Consta),Keli Santi,,Operação,Matriz (Barueri),57-05782-5
70104992868,Pendente de Lançamento (Não Consta),Keli Santi,,Operação,Matriz (Barueri),57-05782-5
70104995572,Pendente de Lançamento (Não Consta),Keli Santi,,Operação,Matriz (Barueri),57-05782-5
70104997643,Pendente de Lançamento (Não Consta),Keli Santi,,Operação,Matriz (Barueri),57-05782-5
70105002151,Pendente de Lançamento (Não Consta),Keli Santi,,Operação,Matriz (Barueri),57-05782-5
70105011497,Pendente de Lançamento (Não Consta),Keli Santi,,Operação,Matriz (Barueri),57-05782-5
70105029994,Pendente de Lançamento (Não Consta),Keli Santi,,Operação,Matriz (Barueri),57-05782-5
70105038214,Pendente de Lançamento (Não Consta),Keli Santi,,Operação,Matriz (Barueri),57-05782-5
70105055473,Pendente de Lançamento (Não Consta),Keli Santi,,Operação,Matriz (Barueri),57-05782-5
70105059256,Pendente de Lançamento (Não Consta),Keli Santi,,Operação,Matriz (Barueri),57-05782-5
70105061587,Pendente de Lançamento (Não Consta),Keli Santi,,Operação,Matriz (Barueri),57-05782-5
70105066897,Pendente de Lançamento (Não Consta),Keli Santi,,Operação,Matriz (Barueri),57-05782-5
70105069363,Pendente de Lançamento (Não Consta),Keli Santi,,Operação,Matriz (Barueri),57-05782-5
70105075950,Pendente de Lançamento (Não Consta),Keli Santi,,Operação,Matriz (Barueri),57-05782-5
70105076890,Pendente de Lançamento (Não Consta),Keli Santi,,Operação,Matriz (Barueri),57-05782-5
70105101945,Pendente de Lançamento (Não Consta),Keli Santi,,Operação,Matriz (Barueri),57-05782-5
70105111624,Pendente de Lançamento (Não Consta),Keli Santi,,Operação,Matriz (Barueri),57-05782-5
70105140008,Pendente de Lançamento (Não Consta),Keli Santi,,Operação,Matriz (Barueri),57-05782-5
70105152446,Pendente de Lançamento (Não Consta),Keli Santi,,Operação,Matriz (Barueri),57-05782-5
70105162449,Pendente de Lançamento (Não Consta),Keli Santi,,Operação,Matriz (Barueri),57-05782-5
70105165369,Pendente de Lançamento (Não Consta),Keli Santi,,Operação,Matriz (Barueri),57-05782-5
70105167137,Pendente de Lançamento (Não Consta),Keli Santi,,Operação,Matriz (Barueri),57-05782-5
70105170394,Pendente de Lançamento (Não Consta),Keli Santi,,Operação,Matriz (Barueri),57-05782-5
70105202274,Pendente de Lançamento (Não Consta),Keli Santi,,Operação,Matriz (Barueri),57-05782-5
70105210840,Emitido e Lançado,Keli Santi,,Operação,Matriz (Barueri),57-05782-5
70105219789,Pendente de Lançamento (Não Consta),Keli Santi,,Operação,Matriz (Barueri),57-05782-5
70105225205,Pendente de Lançamento (Não Consta),Keli Santi,,Operação,Matriz (Barueri),57-05782-5
70105226083,Pendente de Lançamento (Não Consta),Keli Santi,,Operação,Matriz (Barueri),57-05782-5
70105228094,Pendente de Lançamento (Não Consta),Keli Santi,,Operação,Matriz (Barueri),57-05782-5
70105232930,Pendente de Lançamento (Não Consta),Keli Santi,,Operação,Matriz (Barueri),57-05782-5
70105235079,Pendente de Lançamento (Não Consta),Keli Santi,,Operação,Matriz (Barueri),57-05782-5
70105237950,Pendente de Lançamento (Não Consta),Keli Santi,,Operação,Matriz (Barueri),57-05782-5
70105242378,Pendente de Lançamento (Não Consta),Keli Santi,,Operação,Matriz (Barueri),57-05782-5
70105255519,Pendente de Lançamento (Não Consta),Keli Santi,,Operação,Matriz (Barueri),57-05782-5
70105255567,Pendente de Lançamento (Não Consta),Keli Santi,,Operação,Matriz (Barueri),57-05782-5
70105272673,Emitido e Lançado,Keli Santi,,Operação,Matriz (Barueri),57-05782-5
70105276431,Pendente de Lançamento (Não Consta),Keli Santi,,Operação,Matriz (Barueri),57-05782-5
70105284684,Pendente de Lançamento (Não Consta),Keli Santi,,Operação,Matriz (Barueri),57-05782-5
70105297588,Pendente de Lançamento (Não Consta),Keli Santi,,Operação,Matriz (Barueri),57-05782-5
70105298240,Pendente de Lançamento (Não Consta),Keli Santi,,Operação,Matriz (Barueri),57-05782-5
70105301232,Pendente de Lançamento (Não Consta),Keli Santi,,Operação,Matriz (Barueri),57-05782-5
70105302631,Pendente de Lançamento (Não Consta),Keli Santi,,Operação,Matriz (Barueri),57-05782-5
70105302742,Pendente de Lançamento (Não Consta),Keli Santi,,Operação,Matriz (Barueri),57-05782-5
70105302770,Pendente de Lançamento (Não Consta),Keli Santi,,Operação,Matriz (Barueri),57-05782-5
70105303232,Pendente de Lançamento (Não Consta),Keli Santi,,Operação,Matriz (Barueri),57-05782-5
70105305073,Pendente de Lançamento (Não Consta),Keli Santi,,Operação,Matriz (Barueri),57-05782-5
70105307816,Pendente de Lançamento (Não Consta),Keli Santi,,Operação,Matriz (Barueri),57-05782-5
70105307921,Pendente de Lançamento (Não Consta),Keli Santi,,Operação,Matriz (Barueri),57-05782-5
70105349028,Pendente de Lançamento (Não Consta),Keli Santi,,Operação,Matriz (Barueri),57-05782-5
70105352229,Pendente de Lançamento (Não Consta),Keli Santi,,Operação,Matriz (Barueri),57-05782-5
70105352564,Pendente de Lançamento (Não Consta),Keli Santi,,Operação,Matriz (Barueri),57-05782-5
70105353012,Pendente de Lançamento (Não Consta),Keli Santi,,Operação,Matriz (Barueri),57-05782-5
70105362960,Pendente de Lançamento (Não Consta),Keli Santi,,Operação,Matriz (Barueri),57-05782-5
70105365171,Pendente de Lançamento (Não Consta),Keli Santi,,Operação,Matriz (Barueri),57-05782-5
70105367848,Pendente de Lançamento (Não Consta),Keli Santi,,Operação,Matriz (Barueri),57-05782-5
70105397731,Pendente de Lançamento (Não Consta),Keli Santi,,Operação,Matriz (Barueri),57-05782-5
70105403014,Pendente de Lançamento (Não Consta),Keli Santi,,Operação,Matriz (Barueri),57-05782-5
70105407291,Pendente de Lançamento (Não Consta),Keli Santi,,Operação,Matriz (Barueri),57-05782-5
70105444969,Pendente de Lançamento (Não Consta),Keli Santi,,Operação,Matriz (Barueri),57-05782-5
70105449123,Pendente de Lançamento (Não Consta),Keli Santi,,Operação,Matriz (Barueri),57-05782-5
70105465979,Pendente de Lançamento (Não Consta),Keli Santi,,Operação,Matriz (Barueri),57-05782-5
70105466119,Pendente de Lançamento (Não Consta),Keli Santi,,Operação,Matriz (Barueri),57-05782-5
70105466381,Pendente de Lançamento (Não Consta),Keli Santi,,Operação,Matriz (Barueri),57-05782-5
70105470034,Pendente de Lançamento (Não Consta),Keli Santi,,Operação,Matriz (Barueri),57-05782-5
70105470118,Pendente de Lançamento (Não Consta),Keli Santi,,Operação,Matriz (Barueri),57-05782-5
70105470336,Pendente de Lançamento (Não Consta),Keli Santi,,Operação,Matriz (Barueri),57-05782-5
70105470383,Pendente de Lançamento (Não Consta),Keli Santi,,Operação,Matriz (Barueri),57-05782-5
70105470397,Pendente de Lançamento (Não Consta),Keli Santi,,Operação,Matriz (Barueri),57-05782-5
70105471462,Pendente de Lançamento (Não Consta),Keli Santi,,Operação,Matriz (Barueri),57-05782-5
70105474599,Pendente de Lançamento (Não Consta),Keli Santi,,Operação,Matriz (Barueri),57-05782-5
70105474623,Pendente de Lançamento (Não Consta),Keli Santi,,Operação,Matriz (Barueri),57-05782-5
70105474744,Pendente de Lançamento (Não Consta),Keli Santi,,Operação,Matriz (Barueri),57-05782-5
70105475235,Pendente de Lançamento (Não Consta),Keli Santi,,Operação,Matriz (Barueri),57-05782-5
70105476110,Pendente de Lançamento (Não Consta),Keli Santi,,Operação,Matriz (Barueri),57-05782-5
70105479201,Pendente de Lançamento (Não Consta),Keli Santi,,Operação,Matriz (Barueri),57-05782-5
70105479438,Pendente de Lançamento (Não Consta),Keli Santi,,Operação,Matriz (Barueri),57-05782-5
70105479523,Pendente de Lançamento (Não Consta),Keli Santi,,Operação,Matriz (Barueri),57-05782-5
70105487294,Pendente de Lançamento (Não Consta),Keli Santi,,Operação,Matriz (Barueri),57-05782-5
70105489508,Pendente de Lançamento (Não Consta),Keli Santi,,Operação,Matriz (Barueri),57-05782-5
70105490764,Pendente de Lançamento (Não Consta),Keli Santi,,Operação,Matriz (Barueri),57-05782-5
70105490859,Pendente de Lançamento (Não Consta),Keli Santi,,Operação,Matriz (Barueri),57-05782-5
70105491641,Pendente de Lançamento (Não Consta),Keli Santi,,Operação,Matriz (Barueri),57-05782-5
70105494128,Pendente de Lançamento (Não Consta),Keli Santi,,Operação,Matriz (Barueri),57-05782-5
70105497614,Pendente de Lançamento (Não Consta),Keli Santi,,Operação,Matriz (Barueri),57-05782-5
70105532266,Pendente de Lançamento (Não Consta),Keli Santi,,Operação,Matriz (Barueri),57-05782-5
70105539887,Pendente de Lançamento (Não Consta),Keli Santi,,Operação,Matriz (Barueri),57-05782-5
70105540136,Pendente de Lançamento (Não Consta),Keli Santi,,Operação,Matriz (Barueri),57-05782-5
70105542398,Pendente de Lançamento (Não Consta),Keli Santi,,Operação,Matriz (Barueri),57-05782-5
70105542506,Pendente de Lançamento (Não Consta),Keli Santi,,Operação,Matriz (Barueri),57-05782-5
70105543121,Pendente de Lançamento (Não Consta),Keli Santi,,Operação,Matriz (Barueri),57-05782-5
70105544416,Pendente de Lançamento (Não Consta),Keli Santi,,Operação,Matriz (Barueri),57-05782-5
70105544519,Pendente de Lançamento (Não Consta),Keli Santi,,Operação,Matriz (Barueri),57-05782-5
70105547577,Pendente de Lançamento (Não Consta),Keli Santi,,Operação,Matriz (Barueri),57-05782-5
70105548202,Pendente de Lançamento (Não Consta),Keli Santi,,Operação,Matriz (Barueri),57-05782-5
70105549497,Pendente de Lançamento (Não Consta),Keli Santi,,Operação,Matriz (Barueri),57-05782-5
70105553189,Pendente de Lançamento (Não Consta),Keli Santi,,Operação,Matriz (Barueri),57-05782-5
70105553198,Pendente de Lançamento (Não Consta),Keli Santi,,Operação,Matriz (Barueri),57-05782-5
70105554555,Pendente de Lançamento (Não Consta),Keli Santi,,Operação,Matriz (Barueri),57-05782-5
70105568874,Pendente de Lançamento (Não Consta),Keli Santi,,Operação,Matriz (Barueri),57-05782-5
70105575343,Pendente de Lançamento (Não Consta),Keli Santi,,Operação,Matriz (Barueri),57-05782-5
70105583972,Pendente de Lançamento (Não Consta),Keli Santi,,Operação,Matriz (Barueri),57-05782-5
70105584668,Pendente de Lançamento (Não Consta),Keli Santi,,Operação,Matriz (Barueri),57-05782-5
70105585048,Pendente de Lançamento (Não Consta),Keli Santi,,Operação,Matriz (Barueri),57-05782-5
70105593909,Pendente de Lançamento (Não Consta),Keli Santi,,Operação,Matriz (Barueri),57-05782-5
70105601055,Pendente de Lançamento (Não Consta),Keli Santi,,Operação,Matriz (Barueri),57-05782-5
70105601933,Pendente de Lançamento (Não Consta),Keli Santi,,Operação,Matriz (Barueri),57-05782-5
70105609903,Pendente de Lançamento (Não Consta),Keli Santi,,Operação,Matriz (Barueri),57-05782-5
70105609908,Pendente de Lançamento (Não Consta),Keli Santi,,Operação,Matriz (Barueri),57-05782-5
70105610673,Pendente de Lançamento (Não Consta),Keli Santi,,Operação,Matriz (Barueri),57-05782-5
70105617968,Pendente de Lançamento (Não Consta),Keli Santi,,Operação,Matriz (Barueri),57-05782-5
70105621364,Pendente de Lançamento (Não Consta),Keli Santi,,Operação,Matriz (Barueri),57-05782-5
70105629648,Pendente de Lançamento (Não Consta),Keli Santi,,Operação,Matriz (Barueri),57-05782-5
70105631049,Pendente de Lançamento (Não Consta),Keli Santi,,Operação,Matriz (Barueri),57-05782-5
70105631134,Pendente de Lançamento (Não Consta),Keli Santi,,Operação,Matriz (Barueri),57-05782-5
70105631657,Pendente de Lançamento (Não Consta),Keli Santi,,Operação,Matriz (Barueri),57-05782-5
70105633073,Pendente de Lançamento (Não Consta),Keli Santi,,Operação,Matriz (Barueri),57-05782-5
70105637036,Pendente de Lançamento (Não Consta),Keli Santi,,Operação,Matriz (Barueri),57-05782-5
70105641944,Pendente de Lançamento (Não Consta),Keli Santi,,Operação,Matriz (Barueri),57-05782-5
70105646690,Pendente de Lançamento (Não Consta),Keli Santi,,Operação,Matriz (Barueri),57-05782-5
70105646867,Pendente de Lançamento (Não Consta),Keli Santi,,Operação,Matriz (Barueri),57-05782-5
70105649147,Pendente de Lançamento (Não Consta),Keli Santi,,Operação,Matriz (Barueri),57-05782-5
70105658795,Pendente de Lançamento (Não Consta),Keli Santi,,Operação,Matriz (Barueri),57-05782-5
70105658796,Pendente de Lançamento (Não Consta),Keli Santi,,Operação,Matriz (Barueri),57-05782-5
70105659846,Pendente de Lançamento (Não Consta),Keli Santi,,Operação,Matriz (Barueri),57-05782-5
70105671808,Pendente de Lançamento (Não Consta),Keli Santi,,Operação,Matriz (Barueri),57-05782-5
70105673708,Pendente de Lançamento (Não Consta),Keli Santi,,Operação,Matriz (Barueri),57-05782-5
70105675861,Pendente de Lançamento (Não Consta),Keli Santi,,Operação,Matriz (Barueri),57-05782-5
70105675997,Pendente de Lançamento (Não Consta),Keli Santi,,Operação,Matriz (Barueri),57-05782-5
70105676928,Pendente de Lançamento (Não Consta),Keli Santi,,Operação,Matriz (Barueri),57-05782-5
70105684858,Pendente de Lançamento (Não Consta),Keli Santi,,Operação,Matriz (Barueri),57-05782-5
70105685641,Pendente de Lançamento (Não Consta),Keli Santi,,Operação,Matriz (Barueri),57-05782-5
70105688911,Pendente de Lançamento (Não Consta),Keli Santi,,Operação,Matriz (Barueri),57-05782-5
70105696304,Pendente de Lançamento (Não Consta),Keli Santi,,Operação,Matriz (Barueri),57-05782-5
70105699874,Pendente de Lançamento (Não Consta),Keli Santi,,Operação,Matriz (Barueri),57-05782-5
70105700832,Pendente de Lançamento (Não Consta),Keli Santi,,Operação,Matriz (Barueri),57-05782-5
70105706572,Pendente de Lançamento (Não Consta),Keli Santi,,Operação,Matriz (Barueri),57-05782-5
70105709906,Pendente de Lançamento (Não Consta),Keli Santi,,Operação,Matriz (Barueri),57-05782-5
70105711431,Pendente de Lançamento (Não Consta),Keli Santi,,Operação,Matriz (Barueri),57-05782-5
70105711773,Pendente de Lançamento (Não Consta),Keli Santi,,Operação,Matriz (Barueri),57-05782-5
70105721891,Pendente de Lançamento (Não Consta),Keli Santi,,Operação,Matriz (Barueri),57-05782-5
70105734298,Pendente de Lançamento (Não Consta),Keli Santi,,Operação,Matriz (Barueri),57-05782-5
70105756378,Pendente de Lançamento (Não Consta),Keli Santi,,Operação,Matriz (Barueri),57-05782-5
70105768661,Pendente de Lançamento (Não Consta),Keli Santi,,Operação,Matriz (Barueri),57-05782-5
70105772083,Pendente de Lançamento (Não Consta),Keli Santi,,Operação,Matriz (Barueri),57-05782-5
70105774879,Pendente de Lançamento (Não Consta),Keli Santi,,Operação,Matriz (Barueri),57-05782-5
70105776335,Pendente de Lançamento (Não Consta),Keli Santi,,Operação,Matriz (Barueri),57-05782-5
70105783070,Pendente de Lançamento (Não Consta),Keli Santi,,Operação,Matriz (Barueri),57-05782-5
70105788344,Pendente de Lançamento (Não Consta),Keli Santi,,Operação,Matriz (Barueri),57-05782-5
70105792412,Pendente de Lançamento (Não Consta),Keli Santi,,Operação,Matriz (Barueri),57-05782-5
70105794246,Pendente de Lançamento (Não Consta),Keli Santi,,Operação,Matriz (Barueri),57-05782-5
70105802072,Pendente de Lançamento (Não Consta),Keli Santi,,Operação,Matriz (Barueri),57-05782-5
70105815661,Pendente de Lançamento (Não Consta),Keli Santi,,Operação,Matriz (Barueri),57-05782-5
70105848426,Pendente de Lançamento (Não Consta),Keli Santi,,Operação,Matriz (Barueri),57-05782-5
70105877001,Pendente de Lançamento (Não Consta),Keli Santi,,Operação,Matriz (Barueri),57-05782-5
70105877986,Pendente de Lançamento (Não Consta),Keli Santi,,Operação,Matriz (Barueri),57-05782-5
70105878537,Pendente de Lançamento (Não Consta),Keli Santi,,Operação,Matriz (Barueri),57-05782-5
70105888783,Pendente de Lançamento (Não Consta),Keli Santi,,Operação,Matriz (Barueri),57-05782-5
70105889010,Pendente de Lançamento (Não Consta),Keli Santi,,Operação,Matriz (Barueri),57-05782-5
70105892059,Pendente de Lançamento (Não Consta),Keli Santi,,Operação,Matriz (Barueri),57-05782-5
70105895270,Pendente de Lançamento (Não Consta),Keli Santi,,Operação,Matriz (Barueri),57-05782-5
70105895410,Pendente de Lançamento (Não Consta),Keli Santi,,Operação,Matriz (Barueri),57-05782-5
70105907785,Pendente de Lançamento (Não Consta),Keli Santi,,Operação,Matriz (Barueri),57-05782-5
70105916546,Pendente de Lançamento (Não Consta),Keli Santi,,Operação,Matriz (Barueri),57-05782-5
70105926183,Pendente de Lançamento (Não Consta),Keli Santi,,Operação,Matriz (Barueri),57-05782-5
70105936189,Pendente de Lançamento (Não Consta),Keli Santi,,Operação,Matriz (Barueri),57-05782-5
70105938613,Pendente de Lançamento (Não Consta),Keli Santi,,Operação,Matriz (Barueri),57-05782-5
70105938668,Pendente de Lançamento (Não Consta),Keli Santi,,Operação,Matriz (Barueri),57-05782-5
70105942238,Pendente de Lançamento (Não Consta),Keli Santi,,Operação,Matriz (Barueri),57-05782-5
70105945672,Emitido e Lançado,Keli Santi,,Operação,Matriz (Barueri),57-05782-5
70105948418,Pendente de Lançamento (Não Consta),Keli Santi,,Operação,Matriz (Barueri),57-05782-5
70105954112,Pendente de Lançamento (Não Consta),Keli Santi,,Operação,Matriz (Barueri),57-05782-5
70105965192,Pendente de Lançamento (Não Consta),Keli Santi,,Operação,Matriz (Barueri),57-05782-5
70105965440,Pendente de Lançamento (Não Consta),Keli Santi,,Operação,Matriz (Barueri),57-05782-5
70105974090,Pendente de Lançamento (Não Consta),Keli Santi,,Operação,Matriz (Barueri),57-05782-5
70105975076,Pendente de Lançamento (Não Consta),Keli Santi,,Operação,Matriz (Barueri),57-05782-5
70105975533,Pendente de Lançamento (Não Consta),Keli Santi,,Operação,Matriz (Barueri),57-05782-5
70105981849,Pendente de Lançamento (Não Consta),Keli Santi,,Operação,Matriz (Barueri),57-05782-5
70105984715,Pendente de Lançamento (Não Consta),Keli Santi,,Operação,Matriz (Barueri),57-05782-5
70105991990,Pendente de Lançamento (Não Consta),Keli Santi,,Operação,Matriz (Barueri),57-05782-5
70105996257,Pendente de Lançamento (Não Consta),Keli Santi,,Operação,Matriz (Barueri),57-05782-5
70105996453,Pendente de Lançamento (Não Consta),Keli Santi,,Operação,Matriz (Barueri),57-05782-5
70105996700,Pendente de Lançamento (Não Consta),Keli Santi,,Operação,Matriz (Barueri),57-05782-5
70106002957,Pendente de Lançamento (Não Consta),Keli Santi,,Operação,Matriz (Barueri),57-05782-5
70106006253,Pendente de Lançamento (Não Consta),Keli Santi,,Operação,Matriz (Barueri),57-05782-5
70106009884,Pendente de Lançamento (Não Consta),Keli Santi,,Operação,Matriz (Barueri),57-05782-5
70106012562,Pendente de Lançamento (Não Consta),Keli Santi,,Operação,Matriz (Barueri),57-05782-5
70106018656,Pendente de Lançamento (Não Consta),Keli Santi,,Operação,Matriz (Barueri),57-05782-5
70106020779,Pendente de Lançamento (Não Consta),Keli Santi,,Operação,Matriz (Barueri),57-05782-5
70106022464,Pendente de Lançamento (Não Consta),Keli Santi,,Operação,Matriz (Barueri),57-05782-5
70106026995,Pendente de Lançamento (Não Consta),Keli Santi,,Operação,Matriz (Barueri),57-05782-5
70106028211,Pendente de Lançamento (Não Consta),Keli Santi,,Operação,Matriz (Barueri),57-05782-5
70106033421,Pendente de Lançamento (Não Consta),Keli Santi,,Operação,Matriz (Barueri),57-05782-5
70106037256,Pendente de Lançamento (Não Consta),Keli Santi,,Operação,Matriz (Barueri),57-05782-5
70106049446,Pendente de Lançamento (Não Consta),Keli Santi,,Operação,Matriz (Barueri),57-05782-5
70106053153,Pendente de Lançamento (Não Consta),Keli Santi,,Operação,Matriz (Barueri),57-05782-5
70106053222,Pendente de Lançamento (Não Consta),Keli Santi,,Operação,Matriz (Barueri),57-05782-5
70106053224,Pendente de Lançamento (Não Consta),Keli Santi,,Operação,Matriz (Barueri),57-05782-5
70106054126,Pendente de Lançamento (Não Consta),Keli Santi,,Operação,Matriz (Barueri),57-05782-5
70106056832,Pendente de Lançamento (Não Consta),Keli Santi,,Operação,Matriz (Barueri),57-05782-5
70106063225,Pendente de Lançamento (Não Consta),Keli Santi,,Operação,Matriz (Barueri),57-05782-5
70106069772,Pendente de Lançamento (Não Consta),Keli Santi,,Operação,Matriz (Barueri),57-05782-5
70106070933,Pendente de Lançamento (Não Consta),Keli Santi,,Operação,Matriz (Barueri),57-05782-5
70106081009,Pendente de Lançamento (Não Consta),Keli Santi,,Operação,Matriz (Barueri),57-05782-5
70106081029,Pendente de Lançamento (Não Consta),Keli Santi,,Operação,Matriz (Barueri),57-05782-5
70106081329,Pendente de Lançamento (Não Consta),Keli Santi,,Operação,Matriz (Barueri),57-05782-5
70106084915,Pendente de Lançamento (Não Consta),Keli Santi,,Operação,Matriz (Barueri),57-05782-5
70106086655,Pendente de Lançamento (Não Consta),Keli Santi,,Operação,Matriz (Barueri),57-05782-5
70106101910,Pendente de Lançamento (Não Consta),Keli Santi,,Operação,Matriz (Barueri),57-05782-5
70106116466,Pendente de Lançamento (Não Consta),Keli Santi,,Operação,Matriz (Barueri),57-05782-5
70106123535,Pendente de Lançamento (Não Consta),Keli Santi,,Operação,Matriz (Barueri),57-05782-5
70106127739,Pendente de Lançamento (Não Consta),Keli Santi,,Operação,Matriz (Barueri),57-05782-5
70106129258,Pendente de Lançamento (Não Consta),Keli Santi,,Operação,Matriz (Barueri),57-05782-5
70106131147,Pendente de Lançamento (Não Consta),Keli Santi,,Operação,Matriz (Barueri),57-05782-5
70106136299,Pendente de Lançamento (Não Consta),Keli Santi,,Operação,Matriz (Barueri),57-05782-5
70106137220,Pendente de Lançamento (Não Consta),Keli Santi,,Operação,Matriz (Barueri),57-05782-5
72009896019,Pendente de Lançamento (Não Consta),Keli Santi,,Operação,Matriz (Barueri),57-05782-5
72009914328,Pendente de Lançamento (Não Consta),Keli Santi,,Operação,Matriz (Barueri),57-05782-5
70105755827,Pendente de Lançamento (Não Consta),Ivanete Bertasol,,Operação,Matriz (Barueri),57-09056-3
70104844374,Pendente de Lançamento (Não Consta),Keli Santi,,Operação,Matriz (Barueri),57-09954-5
70104844614,Pendente de Lançamento (Não Consta),Keli Santi,,Operação,Matriz (Barueri),57-09954-5
70104887463,Pendente de Lançamento (Não Consta),Keli Santi,,Operação,Matriz (Barueri),57-09954-5
70105858157,Pendente de Lançamento (Não Consta),Keli Santi,,Operação,Matriz (Barueri),57-09954-5
70104282243,Pendente de Lançamento (Não Consta),João Paulo Sousa,,Operação,Matriz (Barueri),57-11069-0
70104282803,Pendente de Lançamento (Não Consta),João Paulo Sousa,,Operação,Matriz (Barueri),57-11069-0
70104291379,Pendente de Lançamento (Não Consta),João Paulo Sousa,,Operação,Matriz (Barueri),57-11069-0
70105206214,Pendente de Lançamento (Não Consta),João Paulo Sousa,,Operação,Matriz (Barueri),57-11069-0
70105232849,Pendente de Lançamento (Não Consta),João Paulo Sousa,,Operação,Matriz (Barueri),57-11069-0
70105232917,Pendente de Lançamento (Não Consta),João Paulo Sousa,,Operação,Matriz (Barueri),57-11069-0
70105601778,Pendente de Lançamento (Não Consta),João Paulo Sousa,,Operação,Matriz (Barueri),57-11069-0
70105331347,Pendente de Lançamento (Não Consta),João Paulo Sousa,,Operação,Matriz (Barueri),57-12973-0
70105256567,Pendente de Lançamento (Não Consta),Marcelo Pereira,,Operação,Matriz (Barueri),57-13784-6
70104279327,Pendente de Lançamento (Não Consta),Ivanete Bertasol,,Operação,Matriz (Barueri),57-14026-3
70106111947,Pendente de Lançamento (Não Consta),Ivanete Bertasol,,Operação,Matriz (Barueri),57-14026-3
70090311996,Emitido e Lançado,Guilherme Silva,,Operação,Matriz (Barueri),57-14733-3
70100891028,Emitido e Lançado,Guilherme Silva,,Operação,Matriz (Barueri),57-14733-3
70103758597,Pendente de Lançamento (Não Consta),Guilherme Silva,,Operação,Matriz (Barueri),57-14733-3
70104999940,Pendente de Lançamento (Não Consta),Guilherme Silva,,Operação,Matriz (Barueri),57-14733-3
70105091438,Pendente de Lançamento (Não Consta),Guilherme Silva,,Operação,Matriz (Barueri),57-14733-3
70105292312,Pendente de Lançamento (Não Consta),Guilherme Silva,,Operação,Matriz (Barueri),57-14733-3
70105353783,Pendente de Lançamento (Não Consta),Guilherme Silva,,Operação,Matriz (Barueri),57-14733-3
70104285965,Pendente de Lançamento (Não Consta),Ivanete Bertasol,,Operação,Matriz (Barueri),57-15204-5
70104288785,Pendente de Lançamento (Não Consta),Ivanete Bertasol,,Operação,Matriz (Barueri),57-15204-5
70104291741,Pendente de Lançamento (Não Consta),Ivanete Bertasol,,Operação,Matriz (Barueri),57-15204-5
70105579991,Pendente de Lançamento (Não Consta),Ivanete Bertasol,,Operação,Matriz (Barueri),57-15204-5
70104584756,Pendente de Lançamento (Não Consta),Ivanete Bertasol,,Operação,Matriz (Barueri),57-15284-1
70105505334,Pendente de Lançamento (Não Consta),Ivanete Bertasol,,Operação,Matriz (Barueri),57-15284-1
70093743316,Pendente de Lançamento (Não Consta),Keli Santi,,Operação,Matriz (Barueri),57-15786-6
70102176679,Pendente de Lançamento (Não Consta),Keli Santi,,Operação,Matriz (Barueri),57-15786-6
70102393296,Pendente de Lançamento (Não Consta),Keli Santi,,Operação,Matriz (Barueri),57-15786-6
70102393305,Pendente de Lançamento (Não Consta),Keli Santi,,Operação,Matriz (Barueri),57-15786-6
70102549886,Pendente de Lançamento (Não Consta),Keli Santi,,Operação,Matriz (Barueri),57-15786-6
70102768475,Pendente de Lançamento (Não Consta),Keli Santi,,Operação,Matriz (Barueri),57-15786-6
70105275092,Pendente de Lançamento (Não Consta),Keli Santi,,Operação,Matriz (Barueri),57-15786-6
70105291869,Pendente de Lançamento (Não Consta),Keli Santi,,Operação,Matriz (Barueri),57-15786-6
70105291870,Pendente de Lançamento (Não Consta),Keli Santi,,Operação,Matriz (Barueri),57-15786-6
70105302257,Pendente de Lançamento (Não Consta),Keli Santi,,Operação,Matriz (Barueri),57-15786-6
70105307690,Pendente de Lançamento (Não Consta),Keli Santi,,Operação,Matriz (Barueri),57-15786-6
70100846077,Pendente de Lançamento (Não Consta),Rosangela Pallu,,Operação,Matriz (Barueri),57-16747-1
70106129572,Pendente de Lançamento (Não Consta),Não Mapeado,,Operação,Matriz (Barueri),57-16913-6
70104715832,Pendente de Lançamento (Não Consta),Não Mapeado,,Operação,Matriz (Barueri),57-17232-3
70105077737,Pendente de Lançamento (Não Consta),Não Mapeado,,Operação,Matriz (Barueri),57-17372-3
70105100437,Pendente de Lançamento (Não Consta),Não Mapeado,,Operação,Matriz (Barueri),57-17372-3
70104282009,Pendente de Lançamento (Não Consta),Keli Santi,,Operação,Porto Alegre,57-51823-0
70104699353,Pendente de Lançamento (Não Consta),Keli Santi,,Operação,Porto Alegre,57-51823-0
70105004303,Pendente de Lançamento (Não Consta),Keli Santi,,Operação,Porto Alegre,57-51823-0
70104247061,Pendente de Lançamento (Não Consta),João Paulo Sousa,,Operação,Matriz (Barueri),57-70382-2
70093766487,Pendente de Lançamento (Não Consta),Keli Santi,,Operação,Matriz (Barueri),57-71137-1
70100790035,Pendente de Lançamento (Não Consta),Keli Santi,,Operação,Matriz (Barueri),57-71137-1
70103005149,Pendente de Lançamento (Não Consta),Keli Santi,,Operação,Matriz (Barueri),57-71137-1
70103641834,Pendente de Lançamento (Não Consta),Keli Santi,,Operação,Matriz (Barueri),57-71137-1
70104282702,Pendente de Lançamento (Não Consta),Keli Santi,,Operação,Matriz (Barueri),57-71137-1
70104836736,Pendente de Lançamento (Não Consta),Keli Santi,,Operação,Matriz (Barueri),57-71137-1
70105565997,Pendente de Lançamento (Não Consta),Keli Santi,,Operação,Matriz (Barueri),57-71137-1
70105792937,Pendente de Lançamento (Não Consta),Keli Santi,,Operação,Matriz (Barueri),57-71137-1
70105962353,Pendente de Lançamento (Não Consta),Keli Santi,,Operação,Matriz (Barueri),57-71137-1
70098529042,Pendente de Lançamento (Não Consta),Keli Santi,,Operação,Matriz (Barueri),57-71564-1
70104235077,Pendente de Lançamento (Não Consta),Keli Santi,,Operação,Matriz (Barueri),57-71564-1
70104294574,Pendente de Lançamento (Não Consta),Keli Santi,,Operação,Matriz (Barueri),57-71564-1
70105142577,Pendente de Lançamento (Não Consta),Keli Santi,,Operação,Matriz (Barueri),57-71564-1
70105524536,Pendente de Lançamento (Não Consta),Keli Santi,,Operação,Matriz (Barueri),57-71564-1
70099987424,Pendente de Lançamento (Não Consta),Rosangela Pallu,,Operação,Matriz (Barueri),57-72826-3
70100142466,Pendente de Lançamento (Não Consta),Rosangela Pallu,,Operação,Matriz (Barueri),57-72826-3
70101205045,Pendente de Lançamento (Não Consta),Rosangela Pallu,,Operação,Matriz (Barueri),57-72826-3
70101222952,Pendente de Lançamento (Não Consta),Rosangela Pallu,,Operação,Matriz (Barueri),57-72826-3
70101662537,Pendente de Lançamento (Não Consta),Rosangela Pallu,,Operação,Matriz (Barueri),57-72826-3
70101893907,Pendente de Lançamento (Não Consta),Rosangela Pallu,,Operação,Matriz (Barueri),57-72826-3
70102042721,Pendente de Lançamento (Não Consta),Rosangela Pallu,,Operação,Matriz (Barueri),57-72826-3
70102717045,Pendente de Lançamento (Não Consta),Rosangela Pallu,,Operação,Matriz (Barueri),57-72826-3
70103771642,Pendente de Lançamento (Não Consta),Rosangela Pallu,,Operação,Matriz (Barueri),57-72826-3
70103813715,Pendente de Lançamento (Não Consta),Rosangela Pallu,,Operação,Matriz (Barueri),57-72826-3
70103840578,Pendente de Lançamento (Não Consta),Rosangela Pallu,,Operação,Matriz (Barueri),57-72826-3
70104288495,Pendente de Lançamento (Não Consta),Rosangela Pallu,,Operação,Matriz (Barueri),57-72826-3
70104382174,Emitido e Lançado,Rosangela Pallu,Emissão relaizada pela equipe de Lazer - 	MGA-SAO-OPE-LAZ-LAZER,Operação,Matriz (Barueri),57-72826-3
70104419988,Pendente de Lançamento (Não Consta),Rosangela Pallu,,Operação,Matriz (Barueri),57-72826-3
70105616503,Pendente de Lançamento (Não Consta),Rosangela Pallu,,Operação,Matriz (Barueri),57-72826-3
70098509716,Pendente de Lançamento (Não Consta),Rosangela Pallu,,Operação,Matriz (Barueri),57-74046-5
70099372138,Pendente de Lançamento (Não Consta),Rosangela Pallu,,Operação,Matriz (Barueri),57-74046-5
70100369463,Pendente de Lançamento (Não Consta),Rosangela Pallu,,Operação,Matriz (Barueri),57-74046-5
70100596491,Pendente de Lançamento (Não Consta),Rosangela Pallu,,Operação,Matriz (Barueri),57-74046-5
70101002957,Pendente de Lançamento (Não Consta),Rosangela Pallu,,Operação,Matriz (Barueri),57-74046-5
70101439581,Pendente de Lançamento (Não Consta),Rosangela Pallu,,Operação,Matriz (Barueri),57-74046-5
70101579666,Pendente de Lançamento (Não Consta),Rosangela Pallu,,Operação,Matriz (Barueri),57-74046-5
70102148530,Pendente de Lançamento (Não Consta),Rosangela Pallu,,Operação,Matriz (Barueri),57-74046-5
70102334628,Pendente de Lançamento (Não Consta),Rosangela Pallu,,Operação,Matriz (Barueri),57-74046-5
70102497705,Pendente de Lançamento (Não Consta),Rosangela Pallu,,Operação,Matriz (Barueri),57-74046-5
70102517548,Pendente de Lançamento (Não Consta),Rosangela Pallu,,Operação,Matriz (Barueri),57-74046-5
70103093605,Pendente de Lançamento (Não Consta),Rosangela Pallu,,Operação,Matriz (Barueri),57-74046-5
70103277632,Pendente de Lançamento (Não Consta),Rosangela Pallu,,Operação,Matriz (Barueri),57-74046-5
70103554378,Pendente de Lançamento (Não Consta),Rosangela Pallu,,Operação,Matriz (Barueri),57-74046-5
70103834707,Pendente de Lançamento (Não Consta),Rosangela Pallu,,Operação,Matriz (Barueri),57-74046-5
70104260561,Pendente de Lançamento (Não Consta),Rosangela Pallu,,Operação,Matriz (Barueri),57-74046-5
70104339027,Pendente de Lançamento (Não Consta),Rosangela Pallu,,Operação,Matriz (Barueri),57-74046-5
70104387438,Pendente de Lançamento (Não Consta),Rosangela Pallu,,Operação,Matriz (Barueri),57-74046-5
70105273934,Pendente de Lançamento (Não Consta),Rosangela Pallu,,Operação,Matriz (Barueri),57-74046-5
70105274819,Pendente de Lançamento (Não Consta),Rosangela Pallu,,Operação,Matriz (Barueri),57-74046-5
70105275944,Pendente de Lançamento (Não Consta),Rosangela Pallu,,Operação,Matriz (Barueri),57-74046-5
70105511398,Pendente de Lançamento (Não Consta),Rosangela Pallu,,Operação,Matriz (Barueri),57-74046-5
70105769150,Pendente de Lançamento (Não Consta),Rosangela Pallu,,Operação,Matriz (Barueri),57-74046-5
70105818387,Emitido e Lançado,Rosangela Pallu,,Operação,Matriz (Barueri),57-74046-5
70105871395,Emitido e Lançado,Rosangela Pallu,,Operação,Matriz (Barueri),57-74046-5
70106110487,Pendente de Lançamento (Não Consta),Rosangela Pallu,,Operação,Matriz (Barueri),57-74046-5
70105151395,Pendente de Lançamento (Não Consta),Marcelo Pereira,,Operação,Matriz (Barueri),57-74814-3
70105241600,Pendente de Lançamento (Não Consta),Marcelo Pereira,,Operação,Matriz (Barueri),57-74814-3
70105542883,Pendente de Lançamento (Não Consta),Marcelo Pereira,,Operação,Matriz (Barueri),57-74814-3
70099682538,Pendente de Lançamento (Não Consta),Rosangela Pallu,,Operação,Matriz (Barueri),57-74820-2
70103050845,Pendente de Lançamento (Não Consta),Rosangela Pallu,,Operação,Matriz (Barueri),57-74820-2
70105074474,Pendente de Lançamento (Não Consta),Rosangela Pallu,,Operação,Matriz (Barueri),57-74820-2
70104153714,Pendente de Lançamento (Não Consta),João Paulo Sousa,,Operação,Matriz (Barueri),57-74825-0
70106125678,Pendente de Lançamento (Não Consta),João Paulo Sousa,,Operação,Matriz (Barueri),57-74825-0
70104185380,Pendente de Lançamento (Não Consta),João Paulo Sousa,,Operação,Matriz (Barueri),57-74826-1
70105714959,Pendente de Lançamento (Não Consta),João Paulo Sousa,,Operação,Matriz (Barueri),57-74826-1
72009790486,Pendente de Lançamento (Não Consta),João Paulo Sousa,,Operação,Matriz (Barueri),57-75220-3
70104932622,Pendente de Lançamento (Não Consta),Central de Eventos,,Operação,Matriz (Barueri),57-78745-0
70106141080,Emitido e Lançado,Central de Eventos,,Central de Eventos,Matriz (Barueri),57-78745-0
2301549299,Pendente de Lançamento (Não Consta),João Paulo Sousa,,Operação,São Paulo,57-50134-5
2303646699,Pendente de Lançamento (Não Consta),Rosangela Pallu,,Operação,Matriz (Barueri),57-51159-1
2301781034,Pendente de Lançamento (Não Consta),Rosangela Pallu,Bilhete void,Operação,Matriz (Barueri),57-51159-1
2301951281,Pendente de Lançamento (Não Consta),Rosangela Pallu,Bilhete void,Operação,Matriz (Barueri),57-51159-1
2204454696,Pendente de Lançamento (Não Consta),Keli Santi,Não encontrado no Benner,Operação,Porto Alegre,57-51823-0
2279531325,Pendente de Lançamento (Não Consta),Keli Santi,Campo auditoria mostra regularizado 15/04,Operação,Porto Alegre,57-51823-0
2279845848,Pendente de Lançamento (Não Consta),Keli Santi,Campo auditoria mostra regularizado 15/04,Operação,Porto Alegre,57-51823-0
2302908684,Pendente de Lançamento (Não Consta),Keli Santi,,Operação,Porto Alegre,57-51823-0
2302910801,Pendente de Lançamento (Não Consta),Keli Santi,,Operação,Porto Alegre,57-51823-0
2302941753,Pendente de Lançamento (Não Consta),Keli Santi,,Operação,Porto Alegre,57-51823-0
4476757173,Pendente de Lançamento (Não Consta),Keli Santi,chamado 380894-status Elaborando?,Operação,Porto Alegre,57-51823-0
5232543283,Pendente de Lançamento (Não Consta),Keli Santi,,Operação,Porto Alegre,57-51823-0
5232543284,Pendente de Lançamento (Não Consta),Keli Santi,,Operação,Porto Alegre,57-51823-0
5232543285,Pendente de Lançamento (Não Consta),Keli Santi,,Operação,Porto Alegre,57-51823-0
2299944685,Pendente de Lançamento (Não Consta),Keli Santi,,Operação,Porto Alegre,57-51823-0
2302856376,Pendente de Lançamento (Não Consta),Central de Eventos,,Central de Eventos,São Paulo,57-51829-6
3996359378,Pendente de Lançamento (Não Consta),Alexandre Souza,,Operação,São Paulo,57-51829-6
3996359379,Pendente de Lançamento (Não Consta),Alexandre Souza,,Operação,São Paulo,57-51829-6
3996359401,Emitido e Lançado,Alexandre Souza,,Operação,São Paulo,57-51829-6
3996359405,Emitido e Lançado,Alexandre Souza,,Operação,São Paulo,57-51829-6
3996359408,Emitido e Lançado,Alexandre Souza,,Operação,São Paulo,57-51829-6
3996359410,Emitido e Lançado,Alexandre Souza,,Operação,São Paulo,57-51829-6
3996359435,Emitido e Lançado,Central de Eventos,,Central de Eventos,São Paulo,57-51829-6
2200514365,Pendente de Lançamento (Não Consta),Central de Eventos,,Central de Eventos,São Paulo,57-51829-6
4476233933,Pendente de Lançamento (Não Consta),Central de Eventos,,Central de Eventos,São Paulo,57-51829-6
4478744918,Pendente de Lançamento (Não Consta),Central de Eventos,,Central de Eventos,São Paulo,57-51829-6
2302351150,Pendente de Lançamento (Não Consta),Keli Santi,,Operação,Porto Alegre,57-53486-4
2302444015,Pendente de Lançamento (Não Consta),Keli Santi,,Operação,Porto Alegre,57-53486-4
2303024375,Pendente de Lançamento (Não Consta),Keli Santi,,Operação,Porto Alegre,57-53486-4
3996366393,Pendente de Lançamento (Não Consta),Keli Santi,,Operação,Porto Alegre,57-53486-4
3996366397,Pendente de Lançamento (Não Consta),Keli Santi,,Operação,Porto Alegre,57-53486-4
3996366401,Pendente de Lançamento (Não Consta),Keli Santi,,Operação,Porto Alegre,57-53486-4
3996366419,Pendente de Lançamento (Não Consta),Keli Santi,,Operação,Porto Alegre,57-53486-4
3996366421,Pendente de Lançamento (Não Consta),Keli Santi,,Operação,Porto Alegre,57-53486-4
3996366423,Pendente de Lançamento (Não Consta),Keli Santi,,Operação,Porto Alegre,57-53486-4
3996366428,Pendente de Lançamento (Não Consta),Keli Santi,,Operação,Porto Alegre,57-53486-4
3996366430,Emitido e Lançado,Keli Santi,,Operação,Porto Alegre,57-53486-4
3996366433,Pendente de Lançamento (Não Consta),Keli Santi,,Operação,Porto Alegre,57-53486-4
4478570710,Pendente de Lançamento (Não Consta),Keli Santi,,Operação,Porto Alegre,57-53486-4
4478687739,Pendente de Lançamento (Não Consta),Keli Santi,,Operação,Porto Alegre,57-53486-4
4478744208,Pendente de Lançamento (Não Consta),Keli Santi,,Operação,Porto Alegre,57-53486-4
4478928402,Pendente de Lançamento (Não Consta),Keli Santi,,Operação,Porto Alegre,57-53486-4
5232447219,Pendente de Lançamento (Não Consta),Keli Santi,Randon-Processado Erro-Integração Concur/Sem aprovador,Operação,Porto Alegre,57-53486-4
5232447220,Pendente de Lançamento (Não Consta),Keli Santi,Randon-Processado Erro-Integração Concur/Sem aprovador,Operação,Porto Alegre,57-53486-4
5232447221,Pendente de Lançamento (Não Consta),Keli Santi,Randon-Processado Erro-Integração Concur/Sem aprovador,Operação,Porto Alegre,57-53486-4
5232447222,Pendente de Lançamento (Não Consta),Keli Santi,Randon-Processado Erro-Integração Concur/Sem aprovador,Operação,Porto Alegre,57-53486-4
5232447223,Pendente de Lançamento (Não Consta),Keli Santi,Randon-Processado Erro-Integração Concur/Sem aprovador,Operação,Porto Alegre,57-53486-4
5232447224,Pendente de Lançamento (Não Consta),Keli Santi,Randon-Processado Erro-Integração Concur/Sem aprovador,Operação,Porto Alegre,57-53486-4
5232447229,Pendente de Lançamento (Não Consta),Keli Santi,Randon-Processado Erro-Integração Concur/Sem aprovador,Operação,Porto Alegre,57-53486-4
5232447231,Pendente de Lançamento (Não Consta),Keli Santi,Randon-Processado Erro-Integração Concur/Sem aprovador,Operação,Porto Alegre,57-53486-4
5232597552,Pendente de Lançamento (Não Consta),Keli Santi,Randon-Processado Erro-Integração Concur/requisição,Operação,Porto Alegre,57-53486-4
5232597639,Pendente de Lançamento (Não Consta),Keli Santi,,Operação,Porto Alegre,57-53486-4
3996366386,Pendente de Lançamento (Não Consta),Keli Santi,,Operação,Porto Alegre,57-53486-4
2300638361,Pendente de Lançamento (Não Consta),Keli Santi,,Operação,Porto Alegre,57-53489-0
2615527183,Pendente de Lançamento (Não Consta),Keli Santi,,Operação,Porto Alegre,57-53489-0
2615527187,Pendente de Lançamento (Não Consta),Keli Santi,,Operação,Porto Alegre,57-53489-0
2303046800,Pendente de Lançamento (Não Consta),Keli Santi,,Operação,Porto Alegre,57-53489-0
4478571153,Pendente de Lançamento (Não Consta),Keli Santi,,Operação,Porto Alegre,57-53489-0
4478571459,Pendente de Lançamento (Não Consta),Keli Santi,,Operação,Porto Alegre,57-53489-0
2300707290,Pendente de Lançamento (Não Consta),Keli Santi,,Operação,Porto Alegre,57-53490-1
4478939698,Pendente de Lançamento (Não Consta),Keli Santi,,Operação,Porto Alegre,57-53490-1
4478663671,Pendente de Lançamento (Não Consta),Keli Santi,,Operação,Porto Alegre,57-53494-5
1957928708,Emitido e Lançado,Jaime Schnaider,,Unique,São Paulo,57-53501-5
2204558174,Pendente de Lançamento (Não Consta),IVANETE BERTASOL,,Unique,São Paulo,57-53501-5
3996340521,Pendente de Lançamento (Não Consta),Ivanete Bertasol,,Operação,São Paulo,57-53501-5
3996340523,Pendente de Lançamento (Não Consta),Ivanete Bertasol,,Operação,São Paulo,57-53501-5
3996340527,Pendente de Lançamento (Não Consta),Ivanete Bertasol,,Operação,São Paulo,57-53501-5
3996340539,Pendente de Lançamento (Não Consta),Ivanete Bertasol,,Operação,São Paulo,57-53501-5
3996340541,Pendente de Lançamento (Não Consta),Ivanete Bertasol,,Operação,São Paulo,57-53501-5
3996352483,Pendente de Lançamento (Não Consta),Ivanete Bertasol,,Operação,São Paulo,57-53501-5
3996352484,Pendente de Lançamento (Não Consta),Ivanete Bertasol,,Operação,São Paulo,57-53501-5
3996352496,Emitido e Lançado,Jaime Schnaider,,Unique,São Paulo,57-53501-5
3996352497,Emitido e Lançado,Jaime Schnaider,,Unique,São Paulo,57-53501-5
3996398282,Emitido e Lançado,Ivanete Bertasol,,Operação,São Paulo,57-53501-5
3996398283,Emitido e Lançado,Ivanete Bertasol,,Operação,São Paulo,57-53501-5
5232223043,Pendente de Lançamento (Não Consta),IVANETE BERTASOL,QPRZNB - PROCESSADO ERRO,Operação,São Paulo,57-53501-5
1957928698,Pendente de Lançamento (Não Consta),Ivanete Bertasol,,Operação,São Paulo,57-53501-5
1957928699,Pendente de Lançamento (Não Consta),Ivanete Bertasol,,Operação,São Paulo,57-53501-5
2302683756,Pendente de Lançamento (Não Consta),Ivanete Bertasol,,Operação,São Paulo,57-53501-5
3996340542,Pendente de Lançamento (Não Consta),Ivanete Bertasol,,Operação,São Paulo,57-53501-5
3996340543,Pendente de Lançamento (Não Consta),Ivanete Bertasol,,Operação,São Paulo,57-53501-5
3996340544,Pendente de Lançamento (Não Consta),Ivanete Bertasol,,Operação,São Paulo,57-53501-5
3996340545,Pendente de Lançamento (Não Consta),Ivanete Bertasol,,Operação,São Paulo,57-53501-5
3996340546,Pendente de Lançamento (Não Consta),Ivanete Bertasol,,Operação,São Paulo,57-53501-5
3996340547,Pendente de Lançamento (Não Consta),Ivanete Bertasol,,Operação,São Paulo,57-53501-5
3996352481,Pendente de Lançamento (Não Consta),Ivanete Bertasol,,Operação,São Paulo,57-53501-5
3996352482,Pendente de Lançamento (Não Consta),Ivanete Bertasol,,Operação,São Paulo,57-53501-5
3996352494,Emitido e Lançado,Jaime Schnaider,,Unique,São Paulo,57-53501-5
3996352495,Emitido e Lançado,Jaime Schnaider,,Unique,São Paulo,57-53501-5
2302588434,Pendente de Lançamento (Não Consta),Alan Rodrigues,,Operação,São Paulo,57-53504-1
4478283439,Pendente de Lançamento (Não Consta),Fabiano Souza,,Concierge/Lazer,São Paulo,57-53504-1
5232461166,Pendente de Lançamento (Não Consta),Rosangela Pallu,,Operação,São Paulo,57-53512-2
2203371227,NAO_CONSTA,João Paulo Sousa,Rloc ANGCIT,Operação,São Paulo,57-53517-0
2302756127,Pendente de Lançamento (Não Consta),João Paulo Sousa,,Operação,São Paulo,57-53517-0
2204456500,Pendente de Lançamento (Não Consta),João Paulo Sousa,Não encontrado no Benner,Operação,São Paulo,57-53533-2
2303510902,Pendente de Lançamento (Não Consta),João Paulo Sousa,,Operação,São Paulo,57-53533-2
3996260089,Emitido e Lançado,João Paulo Sousa,,Operação,São Paulo,57-53533-2
4478372230,Pendente de Lançamento (Não Consta),João Paulo Sousa,,Operação,São Paulo,57-53533-2
4478716462,Pendente de Lançamento (Não Consta),João Paulo Sousa,,Operação,São Paulo,57-53533-2
2303087014,Pendente de Lançamento (Não Consta),João Paulo Sousa,,Operação,São Paulo,57-53533-2
3996260122,Pendente de Lançamento (Não Consta),João Paulo Sousa,,Operação,São Paulo,57-53533-2
2204454569,Pendente de Lançamento (Não Consta),Keli Santi,Não encontrado no Benner,Operação,Porto Alegre,57-54395-3
2615392680,Pendente de Lançamento (Não Consta),João Paulo Sousa,,Operação,São Paulo,57-54714-0
2615392682,Pendente de Lançamento (Não Consta),João Paulo Sousa,,Operação,São Paulo,57-54714-0
2615392683,Pendente de Lançamento (Não Consta),João Paulo Sousa,,Operação,São Paulo,57-54714-0
2303021274,Pendente de Lançamento (Não Consta),João Paulo Sousa,,Operação,São Paulo,57-54714-0
5232542859,Pendente de Lançamento (Não Consta),Ivanete Bertasol,,Operação,São Paulo,57-54714-0
1952754397,Pendente de Lançamento (Não Consta),Rosangela Pallu,pendente,Operação,Curitiba,57-55772-1
2204457294,Pendente de Lançamento (Não Consta),Rosangela Pallu,Não encontrado no Benner,Operação,Curitiba,57-55772-1
2204457295,Pendente de Lançamento (Não Consta),Rosangela Pallu,Não encontrado no Benner,Operação,Curitiba,57-55772-1
2301455317,Pendente de Lançamento (Não Consta),Rosangela Pallu,Não encontrado no Benner,Operação,Curitiba,57-55772-1
3996415674,Emitido e Lançado,Rosangela Pallu,,Operação,Curitiba,57-55772-1
3996415676,Emitido e Lançado,Rosangela Pallu,,Operação,Curitiba,57-55772-1
3996415677,Emitido e Lançado,Rosangela Pallu,,Operação,Curitiba,57-55772-1
3996415688,Emitido e Lançado,Rosangela Pallu,,Operação,Curitiba,57-55772-1
4478312601,Pendente de Lançamento (Não Consta),Rosangela Pallu,"Emisãoparticular, aguardando cadastro do cliente pessoa física.",Operação,Curitiba,57-55772-1
4478324418,Pendente de Lançamento (Não Consta),Rosangela Pallu,pendente,Operação,Curitiba,57-55772-1
4478324807,Pendente de Lançamento (Não Consta),Rosangela Pallu,pendente,Operação,Curitiba,57-55772-1
4478325130,Pendente de Lançamento (Não Consta),Rosangela Pallu,pendente,Operação,Curitiba,57-55772-1
4478690039,Pendente de Lançamento (Não Consta),Rosangela Pallu,,Operação,Curitiba,57-55772-1
4478690040,Pendente de Lançamento (Não Consta),Rosangela Pallu,,Operação,Curitiba,57-55772-1
5232513733,Pendente de Lançamento (Não Consta),Rosangela Pallu,Bilhete lançado - erro de integração,Operação,Curitiba,57-55772-1
2204465050,Pendente de Lançamento (Não Consta),Rosangela Pallu,Bilhete void,Operação,Curitiba,57-55772-1
2300882304,Pendente de Lançamento (Não Consta),Rosangela Pallu,Bilhete void,Operação,Curitiba,57-55772-1
2301018535,Pendente de Lançamento (Não Consta),Rosangela Pallu,Bilhete void,Operação,Curitiba,57-55772-1
2301022812,Pendente de Lançamento (Não Consta),Rosangela Pallu,Bilhete void,Operação,Curitiba,57-55772-1
2301430590,Pendente de Lançamento (Não Consta),Rosangela Pallu,Bilhete void,Operação,Curitiba,57-55772-1
2302695721,Pendente de Lançamento (Não Consta),Rosangela Pallu,Bilhete lançado.,Operação,Curitiba,57-55772-1
1957926818,Pendente de Lançamento (Não Consta),João Paulo Sousa,,Operação,São Paulo,57-55903-6
2300902164,Emitido e Lançado,João Paulo Sousa,,Operação,São Paulo,57-55903-6
5232522891,Emitido e Lançado,João Paulo Sousa,,Operação,São Paulo,57-55903-6
5232522926,Emitido e Lançado,João Paulo Sousa,,Operação,São Paulo,57-55903-6
5232522931,Pendente de Lançamento (Não Consta),João Paulo Sousa,Area Responsavel ajustada para o devido gestor,Operação,São Paulo,57-55903-6
5232617830,Pendente de Lançamento (Não Consta),João Paulo Sousa,,Operação,São Paulo,57-55903-6
5232617831,Pendente de Lançamento (Não Consta),João Paulo Sousa,,Operação,São Paulo,57-55903-6
1942450765,Pendente de Lançamento (Não Consta),Ivanete Bertasol,,Operação,São Paulo,57-55903-6
3996273399,Pendente de Lançamento (Não Consta),João Paulo Sousa,,Operação,São Paulo,57-55903-6
3996273400,Pendente de Lançamento (Não Consta),João Paulo Sousa,,Operação,São Paulo,57-55903-6
4478941670,Pendente de Lançamento (Não Consta),Rosangela Pallu,,Operação,Curitiba,57-55956-3
2302893785,Pendente de Lançamento (Não Consta),Rosangela Pallu,,Operação,Curitiba,57-55956-3
3996317610,Pendente de Lançamento (Não Consta),Rosangela Pallu,,Operação,Curitiba,57-55956-3
4478333148,Pendente de Lançamento (Não Consta),Ivanete Bertasol,,Operação,São Paulo,57-56042-5
2203400131,Pendente de Lançamento (Não Consta),Keli Santi,- aguard RLOC,Operação,São Paulo,57-56042-5
2300495957,Pendente de Lançamento (Não Consta),Keli Santi,,Operação,São Paulo,57-56042-5
2300699088,Pendente de Lançamento (Não Consta),Keli Santi,,Operação,São Paulo,57-56042-5
2301795452,Pendente de Lançamento (Não Consta),Keli Santi,,Operação,São Paulo,57-56042-5
2301796638,Pendente de Lançamento (Não Consta),Keli Santi,,Operação,São Paulo,57-56042-5
2302073044,Pendente de Lançamento (Não Consta),Ivanete Bertasol,,Operação,São Paulo,57-56042-5
2204325947,Pendente de Lançamento (Não Consta),Rosangela Pallu,Bilhete void,Operação,Curitiba,57-56134-6
2303639368,Pendente de Lançamento (Não Consta),Rosangela Pallu,,Operação,Curitiba,57-56134-6
1942456860,Emitido e Lançado,Marcelo Pereira,,Operação,Rio de Janeiro,57-56138-3
2301869466,Pendente de Lançamento (Não Consta),Marcelo Pereira,,Operação,Rio de Janeiro,57-56138-3
2301869725,Pendente de Lançamento (Não Consta),Marcelo Pereira,,Operação,Rio de Janeiro,57-56138-3
2301871209,Pendente de Lançamento (Não Consta),Marcelo Pereira,,Operação,Rio de Janeiro,57-56138-3
2301872647,Pendente de Lançamento (Não Consta),Marcelo Pereira,,Operação,Rio de Janeiro,57-56138-3
2301874262,Pendente de Lançamento (Não Consta),Marcelo Pereira,,Operação,Rio de Janeiro,57-56138-3
2302024311,Pendente de Lançamento (Não Consta),Marcelo Pereira,,Operação,Rio de Janeiro,57-56138-3
2302380462,Pendente de Lançamento (Não Consta),Marcelo Pereira,,Operação,Rio de Janeiro,57-56138-3
2302382436,Pendente de Lançamento (Não Consta),Marcelo Pereira,,Operação,Rio de Janeiro,57-56138-3
2204254440,Pendente de Lançamento (Não Consta),Marcelo Pereira,,Operação,Rio de Janeiro,57-56138-3
2300691521,Pendente de Lançamento (Não Consta),Marcelo Pereira,,Operação,Rio de Janeiro,57-56138-3
1957924238,Pendente de Lançamento (Não Consta),Ivanete Bertasol,,Operação,São Paulo,57-56139-4
2202967022,Pendente de Lançamento (Não Consta),Ivanete Bertasol,,Operação,São Paulo,57-56139-4
2202967023,Pendente de Lançamento (Não Consta),Ivanete Bertasol,,Operação,São Paulo,57-56139-4
2204457224,Pendente de Lançamento (Não Consta),Ivanete Bertasol,Não encontrado no Benner,Operação,São Paulo,57-56139-4
2302094641,Pendente de Lançamento (Não Consta),Ivanete Bertasol,,Operação,São Paulo,57-56139-4
4478200355,Pendente de Lançamento (Não Consta),Ivanete Bertasol,,Operação,São Paulo,57-56139-4
4478200356,Pendente de Lançamento (Não Consta),Ivanete Bertasol,,Operação,São Paulo,57-56139-4
2300440198,Pendente de Lançamento (Não Consta),Ivanete Bertasol,,Operação,São Paulo,57-56139-4
2301038409,Pendente de Lançamento (Não Consta),Ivanete Bertasol,,Operação,São Paulo,57-56139-4
2301565481,Pendente de Lançamento (Não Consta),Ivanete Bertasol,,Operação,São Paulo,57-56139-4
2302007245,Pendente de Lançamento (Não Consta),Ivanete Bertasol,,Operação,São Paulo,57-56139-4
2302007611,Pendente de Lançamento (Não Consta),Ivanete Bertasol,,Operação,São Paulo,57-56139-4
2302342971,Pendente de Lançamento (Não Consta),Ivanete Bertasol,,Operação,São Paulo,57-56139-4
2303009990,Pendente de Lançamento (Não Consta),Ivanete Bertasol,,Operação,São Paulo,57-56139-4
3996425177,Emitido e Lançado,Ivanete Bertasol,,Operação,São Paulo,57-56139-4
5232583842,Emitido e Lançado,Ivanete Bertasol,,Operação,São Paulo,57-56139-4
2301386298,Pendente de Lançamento (Não Consta),Marcelo Pereira,Estrutura Remark não aparece no Xml,Operação,Rio de Janeiro,57-56170-0
2301386928,Pendente de Lançamento (Não Consta),Marcelo Pereira,Estrutura Remark não aparece no Xml,Operação,Rio de Janeiro,57-56170-0
2303684727,Pendente de Lançamento (Não Consta),Marcelo Pereira,,Operação,Rio de Janeiro,57-56170-0
2202611368,Pendente de Lançamento (Não Consta),Marcelo Pereira,,Operação,Rio de Janeiro,57-56170-0
2203336299,Pendente de Lançamento (Não Consta),Marcelo Pereira,,Operação,Rio de Janeiro,57-56170-0
2203337497,Pendente de Lançamento (Não Consta),Marcelo Pereira,,Operação,Rio de Janeiro,57-56170-0
2203339890,Pendente de Lançamento (Não Consta),Marcelo Pereira,,Operação,Rio de Janeiro,57-56170-0
2301528743,Pendente de Lançamento (Não Consta),Marcelo Pereira,,Operação,Rio de Janeiro,57-56170-0
2301920865,Pendente de Lançamento (Não Consta),Marcelo Pereira,,Operação,Rio de Janeiro,57-56170-0
2303574506,Pendente de Lançamento (Não Consta),Marcelo Pereira,,Operação,Rio de Janeiro,57-56170-0
2303710296,Pendente de Lançamento (Não Consta),Marcelo Pereira,,Operação,Rio de Janeiro,57-56170-0
1948675520,24/09 - EMD DE ALTERAÇÃO REALIZADA PELO PLANTÃO - MT,Central de Eventos,,Central de Eventos,São Paulo,57-56513-0
2204157070,Pendente de Lançamento (Não Consta),Central de Eventos,,Central de Eventos,São Paulo,57-56513-0
2204157071,Pendente de Lançamento (Não Consta),Central de Eventos,,Central de Eventos,São Paulo,57-56513-0
2204157072,Pendente de Lançamento (Não Consta),Central de Eventos,,Central de Eventos,São Paulo,57-56513-0
2204157073,Pendente de Lançamento (Não Consta),Central de Eventos,,Central de Eventos,São Paulo,57-56513-0
2204284631,Pendente de Lançamento (Não Consta),Central de Eventos,,Central de Eventos,São Paulo,57-56513-0
2204469183,Pendente de Lançamento (Não Consta),Central de Eventos,,Central de Eventos,São Paulo,57-56513-0
2303594556,Pendente de Lançamento (Não Consta),Central de Eventos,,Central de Eventos,São Paulo,57-56513-0
2303594591,Pendente de Lançamento (Não Consta),Central de Eventos,,Central de Eventos,São Paulo,57-56513-0
2303662728,Pendente de Lançamento (Não Consta),Central de Eventos,,Central de Eventos,São Paulo,57-56513-0
4478000323,Pendente de Lançamento (Não Consta),Central de Eventos,,Central de Eventos,São Paulo,57-56513-0
4478379412,Pendente de Lançamento (Não Consta),Alexandre Souza,,Operação,São Paulo,57-56513-0
2303591217,Pendente de Lançamento (Não Consta),Central de Eventos,,Central de Eventos,São Paulo,57-56513-0
4473960405,Pendente de Lançamento (Não Consta),Central de Eventos,,Central de Eventos,São Paulo,57-56513-0
2615325452,Pendente de Lançamento (Não Consta),Marcelo Pereira,,Operação,Rio de Janeiro,57-64486-0
2615325453,Pendente de Lançamento (Não Consta),Marcelo Pereira,,Operação,Rio de Janeiro,57-64486-0
2615325454,Pendente de Lançamento (Não Consta),Marcelo Pereira,,Operação,Rio de Janeiro,57-64486-0
2615325455,Pendente de Lançamento (Não Consta),Marcelo Pereira,,Operação,Rio de Janeiro,57-64486-0
1957927447,Pendente de Lançamento (Não Consta),João Paulo Sousa,,Operação,Matriz (Barueri),57-75220-3
2142082134,Emitido e Lançado,João Paulo Sousa,,Operação,Matriz (Barueri),57-75220-3
2142531066,Emitido e Lançado,João Paulo Sousa,,Operação,Matriz (Barueri),57-75220-3
3996342891,Pendente de Lançamento (Não Consta),João Paulo Sousa,,Operação,Matriz (Barueri),57-75220-3
3996342915,Emitido e Lançado,João Paulo Sousa,,Operação,Matriz (Barueri),57-75220-3
3996393476,Pendente de Lançamento (Não Consta),João Paulo Sousa,,Operação,Matriz (Barueri),57-75220-3
3996393484,Emitido e Lançado,João Paulo Sousa,,Operação,Matriz (Barueri),57-75220-3
3996393528,Emitido e Lançado,João Paulo Sousa,,Operação,Matriz (Barueri),57-75220-3
4133281831,Pendente de Lançamento (Não Consta),João Paulo Sousa,Camila Verificando,Operação,Matriz (Barueri),57-75220-3
5232581968,Emitido e Lançado,João Paulo Sousa,,Operação,Matriz (Barueri),57-75220-3
5232581999,Pendente de Lançamento (Não Consta),João Paulo Sousa,Area Responsavel ajustada para o devido gestor,Operação,Matriz (Barueri),57-75220-3
2142081226,Pendente de Lançamento (Não Consta),João Paulo Sousa,,Operação,Matriz (Barueri),57-75220-3
3996342914,Pendente de Lançamento (Não Consta),João Paulo Sousa,,Operação,Matriz (Barueri),57-75220-3
3996342950,Pendente de Lançamento (Não Consta),João Paulo Sousa,,Operação,Matriz (Barueri),57-75220-3
3996342965,Pendente de Lançamento (Não Consta),João Paulo Sousa,,Operação,Matriz (Barueri),57-75220-3
3996342966,Pendente de Lançamento (Não Consta),João Paulo Sousa,,Operação,Matriz (Barueri),57-75220-3
5232582009,NAO_CONSTA,João Paulo Sousa,Area Responsavel ajustada para o devido gestor,Operação,Matriz (Barueri),57-75220-3
1957915557,Emitido e Lançado,João Paulo Sousa,,Operação,São Paulo,57-97101-2
1957915558,Pendente de Lançamento (Não Consta),João Paulo Sousa,,Operação,São Paulo,57-97101-2
1957931639,Pendente de Lançamento (Não Consta),João Paulo Sousa,,Operação,São Paulo,57-97101-2
1957931640,Pendente de Lançamento (Não Consta),João Paulo Sousa,,Operação,São Paulo,57-97101-2
1957931641,Pendente de Lançamento (Não Consta),João Paulo Sousa,,Operação,São Paulo,57-97101-2
1957931642,Pendente de Lançamento (Não Consta),João Paulo Sousa,,Operação,São Paulo,57-97101-2
2301013436,Pendente de Lançamento (Não Consta),Guilherme Silva,Enviada para o BKO,Operação,São Paulo,57-97157-2
2301625715,Pendente de Lançamento (Não Consta),Guilherme Silva,,Operação,São Paulo,57-97157-2
2303451537,Pendente de Lançamento (Não Consta),Guilherme Silva,,Operação,São Paulo,57-97157-2
4476466429,Pendente de Lançamento (Não Consta),Guilherme Silva,,Operação,São Paulo,57-97157-2
4477912869,Pendente de Lançamento (Não Consta),Guilherme Silva,,Operação,São Paulo,57-97157-2
2300609949,Pendente de Lançamento (Não Consta),Guilherme Silva,,Operação,São Paulo,57-97157-2
2302521218,Pendente de Lançamento (Não Consta),Guilherme Silva,,Operação,São Paulo,57-97157-2
2302641930,Pendente de Lançamento (Não Consta),Guilherme Silva,,Operação,São Paulo,57-97157-2
4476092027,Pendente de Lançamento (Não Consta),Guilherme Silva,,Operação,São Paulo,57-97157-2
4476092028,Pendente de Lançamento (Não Consta),Guilherme Silva,,Operação,São Paulo,57-97157-2
4476092925,Pendente de Lançamento (Não Consta),Guilherme Silva,,Operação,São Paulo,57-97157-2
4476092926,Pendente de Lançamento (Não Consta),Guilherme Silva,,Operação,São Paulo,57-97157-2
1948672822,Emitido e Lançado,Ivanete Bertasol,,Operação,Curitiba,57-97223-5
1948672823,Emitido e Lançado,Ivanete Bertasol,,Operação,Curitiba,57-97223-5
2204472050,Pendente de Lançamento (Não Consta),Ivanete Bertasol,,Operação,Curitiba,57-97223-5
2204513556,Pendente de Lançamento (Não Consta),Ivanete Bertasol,,Operação,Curitiba,57-97223-5
2302038256,Pendente de Lançamento (Não Consta),Ivanete Bertasol,,Operação,Curitiba,57-97223-5
4478138317,Pendente de Lançamento (Não Consta),Ivanete Bertasol,,Operação,Curitiba,57-97223-5
2301926170,Pendente de Lançamento (Não Consta),João Paulo Sousa,,Operação,Matriz (Barueri),57-97257-4
2301926620,Pendente de Lançamento (Não Consta),João Paulo Sousa,,Operação,Matriz (Barueri),57-97257-4
2615301601,Pendente de Lançamento (Não Consta),Ivanete Bertasol,,Operação,São Paulo,57-97587-5
2300646644,Pendente de Lançamento (Não Consta),Ivanete Bertasol,,Operação,São Paulo,57-97916-5
1957925404,Emitido e Lançado,João Paulo Sousa,,Operação,São Paulo,57-97922-4
1957925407,Pendente de Lançamento (Não Consta),Fabiano Souza,,Concierge/Lazer,São Paulo,57-97922-4
1957925411,Pendente de Lançamento (Não Consta),Fabiano Souza,,Concierge/Lazer,São Paulo,57-97922-4
3996307024,Pendente de Lançamento (Não Consta),João Paulo Sousa,,Operação,São Paulo,57-97922-4
3996307028,Emitido e Lançado,João Paulo Sousa,,Operação,São Paulo,57-97922-4
3996307062,Pendente de Lançamento (Não Consta),Fabiano Souza,,Concierge/Lazer,São Paulo,57-97922-4
3996307065,Pendente de Lançamento (Não Consta),Fabiano Souza,,Concierge/Lazer,São Paulo,57-97922-4
3996307066,Pendente de Lançamento (Não Consta),Fabiano Souza,,Concierge/Lazer,São Paulo,57-97922-4
3996307067,Pendente de Lançamento (Não Consta),Fabiano Souza,,Concierge/Lazer,São Paulo,57-97922-4
4478745135,Pendente de Lançamento (Não Consta),Fabiano Souza,,Concierge/Lazer,São Paulo,57-97922-4
3996307042,Pendente de Lançamento (Não Consta),Fabiano Souza,,Concierge/Lazer,São Paulo,57-97922-4
1952755702,Emitido e Lançado,Rosangela Pallu,,Operação,Curitiba,57-97926-1
1952755703,Emitido e Lançado,Rosangela Pallu,,Operação,Curitiba,57-97926-1
1952755704,Emitido e Lançado,Rosangela Pallu,,Operação,Curitiba,57-97926-1
1952755705,Emitido e Lançado,Rosangela Pallu,,Operação,Curitiba,57-97926-1
2302029118,Pendente de Lançamento (Não Consta),Rosangela Pallu,"Lançado RLOC UPZNQE, solicitado correção ao controle de vendas.",Operação,Curitiba,57-97926-1
1952755697,Emitido e Lançado,Rosangela Pallu,,Operação,Curitiba,57-97926-1
1952755698,Emitido e Lançado,Rosangela Pallu,,Operação,Curitiba,57-97926-1
1952755699,Emitido e Lançado,Rosangela Pallu,,Operação,Curitiba,57-97926-1
1952755700,Emitido e Lançado,Rosangela Pallu,,Operação,Curitiba,57-97926-1
1952755701,Emitido e Lançado,Rosangela Pallu,,Operação,Curitiba,57-97926-1
2204479339,Pendente de Lançamento (Não Consta),Rosangela Pallu,Bilhete Void,Operação,Curitiba,57-97926-1
2300601904,Emitido e Lançado,Rosangela Pallu,,Operação,Curitiba,57-97926-1
9572303734283,Pendente de Lançamento (Não Consta),Keli Santi,,Operação,Porto Alegre,57-53486-4
9572303736648,Pendente de Lançamento (Não Consta),Keli Santi,,Operação,Porto Alegre,57-53486-4
9572303736713,Pendente de Lançamento (Não Consta),Keli Santi,,Operação,Porto Alegre,57-53486-4
9573996366439,Pendente de Lançamento (Não Consta),Keli Santi,,Operação,Porto Alegre,57-53486-4
9574478971415,Pendente de Lançamento (Não Consta),Keli Santi,,Operação,Porto Alegre,57-53486-4
9574478971416,Pendente de Lançamento (Não Consta),Keli Santi,,Operação,Porto Alegre,57-53486-4
9574478971651,Pendente de Lançamento (Não Consta),Keli Santi,,Operação,Porto Alegre,57-53486-4
9574478971724,Pendente de Lançamento (Não Consta),Keli Santi,,Operação,Porto Alegre,57-53486-4
1765232435826,Pendente de Lançamento (Não Consta),Keli Santi,,Operação,Porto Alegre,57-53489-0
1765232435827,Pendente de Lançamento (Não Consta),Keli Santi,,Operação,Porto Alegre,57-53489-0
1765232435828,Pendente de Lançamento (Não Consta),Keli Santi,,Operação,Porto Alegre,57-53489-0
1765232435829,Pendente de Lançamento (Não Consta),Keli Santi,,Operação,Porto Alegre,57-53489-0
553996398343,Pendente de Lançamento (Não Consta),Jaime Schnaider,,Unique,São Paulo,57-53501-5
9572303816687,Pendente de Lançamento (Não Consta),Jaime Schnaider,,Unique,São Paulo,57-53501-5
9573996439674,Pendente de Lançamento (Não Consta),João Paulo Sousa,,Operação,São Paulo,57-53515-5
9572303732809,Pendente de Lançamento (Não Consta),João Paulo Sousa,,Operação,São Paulo,57-53533-2
162615392686,Pendente de Lançamento (Não Consta),João Paulo Sousa,,Operação,São Paulo,57-54714-0
2202615392684,Pendente de Lançamento (Não Consta),João Paulo Sousa,,Operação,São Paulo,57-54714-0
2302615392687,Pendente de Lançamento (Não Consta),João Paulo Sousa,,Operação,São Paulo,57-54714-0
2302615392688,Pendente de Lançamento (Não Consta),João Paulo Sousa,,Operação,São Paulo,57-54714-0
9572303828622,Pendente de Lançamento (Não Consta),João Paulo Sousa,,Operação,São Paulo,57-54714-0
9572303830471,Pendente de Lançamento (Não Consta),João Paulo Sousa,,Operação,São Paulo,57-54714-0
9572303780698,Pendente de Lançamento (Não Consta),Rosangela Pallu,,Operação,Curitiba,57-55772-1
9574478994663,Pendente de Lançamento (Não Consta),João Paulo Sousa,,Operação,São Paulo,57-55903-6
9574478986532,Pendente de Lançamento (Não Consta),Ivanete Bertasol,,Operação,São Paulo,57-56139-4
9572303825341,Emitido e Lançado,Marcelo Pereira,,Operação,Rio de Janeiro,57-56170-0
9572303881899,Pendente de Lançamento (Não Consta),Central de Eventos,,Central de Eventos,São Paulo,57-56513-0
9572303883025,Pendente de Lançamento (Não Consta),Central de Eventos,,Central de Eventos,São Paulo,57-56513-0
9572303883048,Pendente de Lançamento (Não Consta),Central de Eventos,,Central de Eventos,São Paulo,57-56513-0
9572303883075,Pendente de Lançamento (Não Consta),Central de Eventos,,Central de Eventos,São Paulo,57-56513-0
9572303883097,Pendente de Lançamento (Não Consta),Central de Eventos,,Central de Eventos,São Paulo,57-56513-0
9572303885802,Pendente de Lançamento (Não Consta),Central de Eventos,,Central de Eventos,São Paulo,57-56513-0
9572303885817,Pendente de Lançamento (Não Consta),Central de Eventos,,Central de Eventos,São Paulo,57-56513-0
9572303888302,Pendente de Lançamento (Não Consta),Central de Eventos,,Central de Eventos,São Paulo,57-56513-0
9572303888363,Pendente de Lançamento (Não Consta),Central de Eventos,,Central de Eventos,São Paulo,57-56513-0
2203996443374,Pendente de Lançamento (Não Consta),João Paulo Sousa,,Operação,Matriz (Barueri),57-75220-3
2203996443375,Pendente de Lançamento (Não Consta),João Paulo Sousa,,Operação,Matriz (Barueri),57-75220-3
473996307071,Pendente de Lançamento (Não Consta),Fabiano Souza,,Concierge/Lazer,São Paulo,57-97922-4
473996307072,Pendente de Lançamento (Não Consta),Fabiano Souza,,Concierge/Lazer,São Paulo,57-97922-4
473996307073,Pendente de Lançamento (Não Consta),Fabiano Souza,,Concierge/Lazer,São Paulo,57-97922-4
473996440574,Pendente de Lançamento (Não Consta),Fabiano Souza,,Concierge/Lazer,São Paulo,57-97922-4
473996440575,Pendente de Lançamento (Não Consta),Fabiano Souza,,Concierge/Lazer,São Paulo,57-97922-4
9573996307070,Pendente de Lançamento (Não Consta),Fabiano Souza,,Concierge/Lazer,São Paulo,57-97922-4
2153393188,Emitido e Lançado,Não Mapeado,,Operação,Não Mapeado,DIRETO
2153644794,Pendente de Lançamento (Não Consta),Não Mapeado,,Operação,Não Mapeado,DIRETO
2153644798,Pendente de Lançamento (Não Consta),Não Mapeado,,Operação,Não Mapeado,DIRETO
2153644978,Pendente de Lançamento (Não Consta),Não Mapeado,,Operação,Não Mapeado,DIRETO
2153645127,Pendente de Lançamento (Não Consta),Não Mapeado,,Operação,Não Mapeado,DIRETO
2153990392,Pendente de Lançamento (Não Consta),Não Mapeado,,Operação,Não Mapeado,DIRETO
2154162391,Pendente de Lançamento (Não Consta),Não Mapeado,,Operação,Não Mapeado,DIRETO
2154174056,Pendente de Lançamento (Não Consta),Não Mapeado,,Operação,Não Mapeado,DIRETO
2154174057,Pendente de Lançamento (Não Consta),Não Mapeado,,Operação,Não Mapeado,DIRETO
2154174434,Pendente de Lançamento (Não Consta),Não Mapeado,,Operação,Não Mapeado,DIRETO
2154280020,Pendente de Lançamento (Não Consta),Não Mapeado,,Operação,Não Mapeado,DIRETO
2154619822,Pendente de Lançamento (Não Consta),Não Mapeado,,Operação,Não Mapeado,DIRETO
2154911591,Pendente de Lançamento (Não Consta),Não Mapeado,,Operação,Não Mapeado,DIRETO
2154929318,Pendente de Lançamento (Não Consta),Não Mapeado,,Operação,Não Mapeado,DIRETO
2154929319,Pendente de Lançamento (Não Consta),Não Mapeado,,Operação,Não Mapeado,DIRETO
2155011866,Pendente de Lançamento (Não Consta),Não Mapeado,,Operação,Não Mapeado,DIRETO
2155014201,Pendente de Lançamento (Não Consta),Não Mapeado,,Operação,Não Mapeado,DIRETO
2155045227,Pendente de Lançamento (Não Consta),Não Mapeado,,Operação,Não Mapeado,DIRETO
2155147957,Pendente de Lançamento (Não Consta),Não Mapeado,,Operação,Não Mapeado,DIRETO
2155441284,Pendente de Lançamento (Não Consta),Não Mapeado,,Operação,Não Mapeado,DIRETO
2155597335,Pendente de Lançamento (Não Consta),Não Mapeado,,Operação,Não Mapeado,DIRETO
2155884616,Pendente de Lançamento (Não Consta),Não Mapeado,,Operação,Não Mapeado,DIRETO
2156785255,Pendente de Lançamento (Não Consta),Não Mapeado,,Operação,Não Mapeado,DIRETO
2156942818,Pendente de Lançamento (Não Consta),Não Mapeado,,Operação,Não Mapeado,DIRETO
2157333440,Pendente de Lançamento (Não Consta),Não Mapeado,,Operação,Não Mapeado,DIRETO
2157433470,Pendente de Lançamento (Não Consta),Não Mapeado,,Operação,Não Mapeado,DIRETO
2300066046,Emitido e Lançado,Não Mapeado,,Operação,Não Mapeado,DIRETO
2300427628,Pendente de Lançamento (Não Consta),Não Mapeado,,Operação,Não Mapeado,DIRETO
2300489881,Pendente de Lançamento (Não Consta),Não Mapeado,,Operação,Não Mapeado,DIRETO
2300495692,Pendente de Lançamento (Não Consta),Não Mapeado,,Operação,Não Mapeado,DIRETO
2300496038,Pendente de Lançamento (Não Consta),Não Mapeado,,Operação,Não Mapeado,DIRETO
2300499978,Pendente de Lançamento (Não Consta),Não Mapeado,,Operação,Não Mapeado,DIRETO
2300500686,Pendente de Lançamento (Não Consta),Não Mapeado,,Operação,Não Mapeado,DIRETO
2300501125,Pendente de Lançamento (Não Consta),Não Mapeado,,Operação,Não Mapeado,DIRETO
2300501190,Pendente de Lançamento (Não Consta),Não Mapeado,,Operação,Não Mapeado,DIRETO
2300502867,Emitido e Lançado,Não Mapeado,,Operação,Não Mapeado,DIRETO
2300547085,Pendente de Lançamento (Não Consta),Não Mapeado,,Operação,Não Mapeado,DIRETO
2300547772,Pendente de Lançamento (Não Consta),Não Mapeado,,Operação,Não Mapeado,DIRETO
2300566304,Pendente de Lançamento (Não Consta),Não Mapeado,,Operação,Não Mapeado,DIRETO
2300609733,Pendente de Lançamento (Não Consta),Não Mapeado,,Operação,Não Mapeado,DIRETO
2300619275,Pendente de Lançamento (Não Consta),Não Mapeado,,Operação,Não Mapeado,DIRETO
2300786868,Pendente de Lançamento (Não Consta),Não Mapeado,,Operação,Não Mapeado,DIRETO
2300786975,Pendente de Lançamento (Não Consta),Não Mapeado,,Operação,Não Mapeado,DIRETO
2301081570,Pendente de Lançamento (Não Consta),Não Mapeado,,Operação,Não Mapeado,DIRETO
2301443032,Pendente de Lançamento (Não Consta),Não Mapeado,,Operação,Não Mapeado,DIRETO
2301535655,Pendente de Lançamento (Não Consta),Não Mapeado,,Operação,Não Mapeado,DIRETO
2301546601,Pendente de Lançamento (Não Consta),Não Mapeado,,Operação,Não Mapeado,DIRETO
2301623211,Pendente de Lançamento (Não Consta),Não Mapeado,,Operação,Não Mapeado,DIRETO
2301951497,Emitido e Lançado,Não Mapeado,,Operação,Não Mapeado,DIRETO
2302385311,Pendente de Lançamento (Não Consta),Não Mapeado,,Operação,Não Mapeado,DIRETO
2302457354,Pendente de Lançamento (Não Consta),Não Mapeado,,Operação,Não Mapeado,DIRETO
2302738976,Pendente de Lançamento (Não Consta),Não Mapeado,,Operação,Não Mapeado,DIRETO
2302800278,Pendente de Lançamento (Não Consta),Não Mapeado,,Operação,Não Mapeado,DIRETO
2302800281,Pendente de Lançamento (Não Consta),Não Mapeado,,Operação,Não Mapeado,DIRETO
2302800283,Pendente de Lançamento (Não Consta),Não Mapeado,,Operação,Não Mapeado,DIRETO
2302817895,Pendente de Lançamento (Não Consta),Não Mapeado,,Operação,Não Mapeado,DIRETO
2302818284,Pendente de Lançamento (Não Consta),Não Mapeado,,Operação,Não Mapeado,DIRETO
2303211886,Pendente de Lançamento (Não Consta),Não Mapeado,,Operação,Não Mapeado,DIRETO
2303297992,Pendente de Lançamento (Não Consta),Não Mapeado,,Operação,Não Mapeado,DIRETO
2303325679,Pendente de Lançamento (Não Consta),Não Mapeado,,Operação,Não Mapeado,DIRETO
2303489073,Pendente de Lançamento (Não Consta),Não Mapeado,,Operação,Não Mapeado,DIRETO
2303489075,Pendente de Lançamento (Não Consta),Não Mapeado,,Operação,Não Mapeado,DIRETO
2303580341,Pendente de Lançamento (Não Consta),Não Mapeado,,Operação,Não Mapeado,DIRETO
2303593625,Pendente de Lançamento (Não Consta),Não Mapeado,,Operação,Não Mapeado,DIRETO
2303673149,Pendente de Lançamento (Não Consta),Não Mapeado,,Operação,Não Mapeado,DIRETO
2303674719,Pendente de Lançamento (Não Consta),Não Mapeado,,Operação,Não Mapeado,DIRETO
2304033520,Pendente de Lançamento (Não Consta),Não Mapeado,,Operação,Não Mapeado,DIRETO
2304118827,Pendente de Lançamento (Não Consta),Não Mapeado,,Operação,Não Mapeado,DIRETO
2304190033,Pendente de Lançamento (Não Consta),Não Mapeado,,Operação,Não Mapeado,DIRETO
2304295588,Pendente de Lançamento (Não Consta),Não Mapeado,,Operação,Não Mapeado,DIRETO
2304398902,Emitido e Lançado,Não Mapeado,,Operação,Não Mapeado,DIRETO
2304398903,Emitido e Lançado,Não Mapeado,,Operação,Não Mapeado,DIRETO
2304667845,Pendente de Lançamento (Não Consta),Não Mapeado,,Operação,Não Mapeado,DIRETO
2304757073,Pendente de Lançamento (Não Consta),Não Mapeado,,Operação,Não Mapeado,DIRETO
2304797107,Pendente de Lançamento (Não Consta),Não Mapeado,,Operação,Não Mapeado,DIRETO
2305495452,Pendente de Lançamento (Não Consta),Não Mapeado,,Operação,Não Mapeado,DIRETO
2305556643,Pendente de Lançamento (Não Consta),Não Mapeado,,Operação,Não Mapeado,DIRETO
2305687977,Pendente de Lançamento (Não Consta),Não Mapeado,,Operação,Não Mapeado,DIRETO
2305688675,Pendente de Lançamento (Não Consta),Não Mapeado,,Operação,Não Mapeado,DIRETO
2305969004,Pendente de Lançamento (Não Consta),Não Mapeado,,Operação,Não Mapeado,DIRETO
2306003433,Pendente de Lançamento (Não Consta),Não Mapeado,,Operação,Não Mapeado,DIRETO
2306066059,Pendente de Lançamento (Não Consta),Não Mapeado,,Operação,Não Mapeado,DIRETO
2306220516,Pendente de Lançamento (Não Consta),Não Mapeado,,Operação,Não Mapeado,DIRETO
2306425670,Pendente de Lançamento (Não Consta),Não Mapeado,,Operação,Não Mapeado,DIRETO
2306426302,Pendente de Lançamento (Não Consta),Não Mapeado,,Operação,Não Mapeado,DIRETO
2306428685,Pendente de Lançamento (Não Consta),Não Mapeado,,Operação,Não Mapeado,DIRETO
2306429048,Pendente de Lançamento (Não Consta),Não Mapeado,,Operação,Não Mapeado,DIRETO
2306497443,Pendente de Lançamento (Não Consta),Não Mapeado,,Operação,Não Mapeado,DIRETO
2307129255,Pendente de Lançamento (Não Consta),Não Mapeado,,Operação,Não Mapeado,DIRETO
2307177389,Pendente de Lançamento (Não Consta),Não Mapeado,,Operação,Não Mapeado,DIRETO
2307383652,Pendente de Lançamento (Não Consta),Não Mapeado,,Operação,Não Mapeado,DIRETO
2307383653,Pendente de Lançamento (Não Consta),Não Mapeado,,Operação,Não Mapeado,DIRETO
2307625124,Pendente de Lançamento (Não Consta),Não Mapeado,,Operação,Não Mapeado,DIRETO
2307625127,Pendente de Lançamento (Não Consta),Não Mapeado,,Operação,Não Mapeado,DIRETO
2308232699,Pendente de Lançamento (Não Consta),Não Mapeado,,Operação,Não Mapeado,DIRETO
2308234835,Pendente de Lançamento (Não Consta),Não Mapeado,,Operação,Não Mapeado,DIRETO
2308410272,Pendente de Lançamento (Não Consta),Não Mapeado,,Operação,Não Mapeado,DIRETO
2308410303,Pendente de Lançamento (Não Consta),Não Mapeado,,Operação,Não Mapeado,DIRETO
2308477481,Pendente de Lançamento (Não Consta),Não Mapeado,,Operação,Não Mapeado,DIRETO
2308493249,Pendente de Lançamento (Não Consta),Não Mapeado,,Operação,Não Mapeado,DIRETO
2308748063,Pendente de Lançamento (Não Consta),Não Mapeado,,Operação,Não Mapeado,DIRETO
2308792336,Pendente de Lançamento (Não Consta),Não Mapeado,,Operação,Não Mapeado,DIRETO
2308792836,Pendente de Lançamento (Não Consta),Não Mapeado,,Operação,Não Mapeado,DIRETO
2309027334,Pendente de Lançamento (Não Consta),Não Mapeado,,Operação,Não Mapeado,DIRETO
2309193827,Pendente de Lançamento (Não Consta),Não Mapeado,,Operação,Não Mapeado,DIRETO
2309193944,Pendente de Lançamento (Não Consta),Não Mapeado,,Operação,Não Mapeado,DIRETO
2309221047,Pendente de Lançamento (Não Consta),Não Mapeado,,Operação,Não Mapeado,DIRETO
2309436450,Pendente de Lançamento (Não Consta),Não Mapeado,,Operação,Não Mapeado,DIRETO
2309437432,Pendente de Lançamento (Não Consta),Não Mapeado,,Operação,Não Mapeado,DIRETO
2309439835,Pendente de Lançamento (Não Consta),Não Mapeado,,Operação,Não Mapeado,DIRETO
2309440155,Pendente de Lançamento (Não Consta),Não Mapeado,,Operação,Não Mapeado,DIRETO
2309448835,Pendente de Lançamento (Não Consta),Não Mapeado,,Operação,Não Mapeado,DIRETO
2309448837,Pendente de Lançamento (Não Consta),Não Mapeado,,Operação,Não Mapeado,DIRETO
2309448839,Pendente de Lançamento (Não Consta),Não Mapeado,,Operação,Não Mapeado,DIRETO
2309449412,Pendente de Lançamento (Não Consta),Não Mapeado,,Operação,Não Mapeado,DIRETO
2309463529,Pendente de Lançamento (Não Consta),Não Mapeado,,Operação,Não Mapeado,DIRETO
2309489960,Pendente de Lançamento (Não Consta),Não Mapeado,,Operação,Não Mapeado,DIRETO
2309491665,Pendente de Lançamento (Não Consta),Não Mapeado,,Operação,Não Mapeado,DIRETO
2309491914,Pendente de Lançamento (Não Consta),Não Mapeado,,Operação,Não Mapeado,DIRETO
2309491938,Pendente de Lançamento (Não Consta),Não Mapeado,,Operação,Não Mapeado,DIRETO
2309493045,Pendente de Lançamento (Não Consta),Não Mapeado,,Operação,Não Mapeado,DIRETO
2309500280,Pendente de Lançamento (Não Consta),Não Mapeado,,Operação,Não Mapeado,DIRETO
2309510217,Pendente de Lançamento (Não Consta),Não Mapeado,,Operação,Não Mapeado,DIRETO
2309510362,Pendente de Lançamento (Não Consta),Não Mapeado,,Operação,Não Mapeado,DIRETO
2309517322,Pendente de Lançamento (Não Consta),Não Mapeado,,Operação,Não Mapeado,DIRETO
2309556707,Pendente de Lançamento (Não Consta),Não Mapeado,,Operação,Não Mapeado,DIRETO
2309567189,Pendente de Lançamento (Não Consta),Não Mapeado,,Operação,Não Mapeado,DIRETO
2309567235,Pendente de Lançamento (Não Consta),Não Mapeado,,Operação,Não Mapeado,DIRETO
2309660308,Pendente de Lançamento (Não Consta),Não Mapeado,,Operação,Não Mapeado,DIRETO
2309661649,Pendente de Lançamento (Não Consta),Não Mapeado,,Operação,Não Mapeado,DIRETO
2309675069,Pendente de Lançamento (Não Consta),Não Mapeado,,Operação,Não Mapeado,DIRETO
2309675310,Pendente de Lançamento (Não Consta),Não Mapeado,,Operação,Não Mapeado,DIRETO
2309676064,Pendente de Lançamento (Não Consta),Não Mapeado,,Operação,Não Mapeado,DIRETO
2309694494,Pendente de Lançamento (Não Consta),Não Mapeado,,Operação,Não Mapeado,DIRETO
2309721860,Pendente de Lançamento (Não Consta),Não Mapeado,,Operação,Não Mapeado,DIRETO
2309722742,Pendente de Lançamento (Não Consta),Não Mapeado,,Operação,Não Mapeado,DIRETO
2309764199,Pendente de Lançamento (Não Consta),Não Mapeado,,Operação,Não Mapeado,DIRETO
2309788688,Pendente de Lançamento (Não Consta),Não Mapeado,,Operação,Não Mapeado,DIRETO
2309815304,Pendente de Lançamento (Não Consta),Não Mapeado,,Operação,Não Mapeado,DIRETO
2309818575,Pendente de Lançamento (Não Consta),Não Mapeado,,Operação,Não Mapeado,DIRETO
2309824162,Pendente de Lançamento (Não Consta),Não Mapeado,,Operação,Não Mapeado,DIRETO
2309840032,Pendente de Lançamento (Não Consta),Não Mapeado,,Operação,Não Mapeado,DIRETO
2309886360,Pendente de Lançamento (Não Consta),Não Mapeado,,Operação,Não Mapeado,DIRETO
2309886914,Pendente de Lançamento (Não Consta),Não Mapeado,,Operação,Não Mapeado,DIRETO
2309922250,Pendente de Lançamento (Não Consta),Não Mapeado,,Operação,Não Mapeado,DIRETO
2309923611,Pendente de Lançamento (Não Consta),Não Mapeado,,Operação,Não Mapeado,DIRETO
2309924069,Pendente de Lançamento (Não Consta),Não Mapeado,,Operação,Não Mapeado,DIRETO
2309926724,Pendente de Lançamento (Não Consta),Não Mapeado,,Operação,Não Mapeado,DIRETO
2309926757,Pendente de Lançamento (Não Consta),Não Mapeado,,Operação,Não Mapeado,DIRETO
2310090200,Pendente de Lançamento (Não Consta),Não Mapeado,,Operação,Não Mapeado,DIRETO
2310091689,Pendente de Lançamento (Não Consta),Não Mapeado,,Operação,Não Mapeado,DIRETO
2310152792,Pendente de Lançamento (Não Consta),Não Mapeado,,Operação,Não Mapeado,DIRETO
2310157182,Pendente de Lançamento (Não Consta),Não Mapeado,,Operação,Não Mapeado,DIRETO
2310163020,Pendente de Lançamento (Não Consta),Não Mapeado,,Operação,Não Mapeado,DIRETO
2310163524,Pendente de Lançamento (Não Consta),Não Mapeado,,Operação,Não Mapeado,DIRETO
2310167758,Pendente de Lançamento (Não Consta),Não Mapeado,,Operação,Não Mapeado,DIRETO
2310167905,Pendente de Lançamento (Não Consta),Não Mapeado,,Operação,Não Mapeado,DIRETO
2310170228,Pendente de Lançamento (Não Consta),Não Mapeado,,Operação,Não Mapeado,DIRETO
2310213395,Pendente de Lançamento (Não Consta),Não Mapeado,,Operação,Não Mapeado,DIRETO
2310218730,Pendente de Lançamento (Não Consta),Não Mapeado,,Operação,Não Mapeado,DIRETO
2310219921,Pendente de Lançamento (Não Consta),Não Mapeado,,Operação,Não Mapeado,DIRETO
2310221293,Pendente de Lançamento (Não Consta),Não Mapeado,,Operação,Não Mapeado,DIRETO
2310291461,Pendente de Lançamento (Não Consta),Não Mapeado,,Operação,Não Mapeado,DIRETO
2310337798,Pendente de Lançamento (Não Consta),Não Mapeado,,Operação,Não Mapeado,DIRETO
2310338498,Pendente de Lançamento (Não Consta),Não Mapeado,,Operação,Não Mapeado,DIRETO
2310339260,Pendente de Lançamento (Não Consta),Não Mapeado,,Operação,Não Mapeado,DIRETO
2310355012,Emitido e Lançado,Não Mapeado,,Operação,Não Mapeado,DIRETO
2310358841,Pendente de Lançamento (Não Consta),Não Mapeado,,Operação,Não Mapeado,DIRETO
2310358971,Pendente de Lançamento (Não Consta),Não Mapeado,,Operação,Não Mapeado,DIRETO
2310361518,Pendente de Lançamento (Não Consta),Não Mapeado,,Operação,Não Mapeado,DIRETO
2310362685,Pendente de Lançamento (Não Consta),Não Mapeado,,Operação,Não Mapeado,DIRETO
2310363288,Pendente de Lançamento (Não Consta),Não Mapeado,,Operação,Não Mapeado,DIRETO
2310365041,Pendente de Lançamento (Não Consta),Não Mapeado,,Operação,Não Mapeado,DIRETO
2310427414,Pendente de Lançamento (Não Consta),Não Mapeado,,Operação,Não Mapeado,DIRETO
2310484511,Pendente de Lançamento (Não Consta),Não Mapeado,,Operação,Não Mapeado,DIRETO
2310487358,Pendente de Lançamento (Não Consta),Não Mapeado,,Operação,Não Mapeado,DIRETO
2310487442,Pendente de Lançamento (Não Consta),Não Mapeado,,Operação,Não Mapeado,DIRETO
2310503709,Pendente de Lançamento (Não Consta),Não Mapeado,,Operação,Não Mapeado,DIRETO
2310504059,Pendente de Lançamento (Não Consta),Não Mapeado,,Operação,Não Mapeado,DIRETO
2310539273,Pendente de Lançamento (Não Consta),Não Mapeado,,Operação,Não Mapeado,DIRETO
2310543870,Pendente de Lançamento (Não Consta),Não Mapeado,,Operação,Não Mapeado,DIRETO
2310543946,Pendente de Lançamento (Não Consta),Não Mapeado,,Operação,Não Mapeado,DIRETO
2310548826,Pendente de Lançamento (Não Consta),Não Mapeado,,Operação,Não Mapeado,DIRETO
2310550081,Pendente de Lançamento (Não Consta),Não Mapeado,,Operação,Não Mapeado,DIRETO
2310561295,Pendente de Lançamento (Não Consta),Não Mapeado,,Operação,Não Mapeado,DIRETO
2310571055,Pendente de Lançamento (Não Consta),Não Mapeado,,Operação,Não Mapeado,DIRETO
2310575116,Pendente de Lançamento (Não Consta),Não Mapeado,,Operação,Não Mapeado,DIRETO
2310594528,Pendente de Lançamento (Não Consta),Não Mapeado,,Operação,Não Mapeado,DIRETO
2310596834,Pendente de Lançamento (Não Consta),Não Mapeado,,Operação,Não Mapeado,DIRETO
2310613188,Pendente de Lançamento (Não Consta),Não Mapeado,,Operação,Não Mapeado,DIRETO
2310615656,Pendente de Lançamento (Não Consta),Não Mapeado,,Operação,Não Mapeado,DIRETO
2310616992,Pendente de Lançamento (Não Consta),Não Mapeado,,Operação,Não Mapeado,DIRETO
2310648494,Pendente de Lançamento (Não Consta),Não Mapeado,,Operação,Não Mapeado,DIRETO
2310675857,Pendente de Lançamento (Não Consta),Não Mapeado,,Operação,Não Mapeado,DIRETO
2310681263,Pendente de Lançamento (Não Consta),Não Mapeado,,Operação,Não Mapeado,DIRETO
2310681376,Pendente de Lançamento (Não Consta),Não Mapeado,,Operação,Não Mapeado,DIRETO
2310681594,Pendente de Lançamento (Não Consta),Não Mapeado,,Operação,Não Mapeado,DIRETO
2310681877,Pendente de Lançamento (Não Consta),Não Mapeado,,Operação,Não Mapeado,DIRETO
2310682056,Pendente de Lançamento (Não Consta),Não Mapeado,,Operação,Não Mapeado,DIRETO
2310682248,Pendente de Lançamento (Não Consta),Não Mapeado,,Operação,Não Mapeado,DIRETO
2310682511,Pendente de Lançamento (Não Consta),Não Mapeado,,Operação,Não Mapeado,DIRETO
2310684621,Pendente de Lançamento (Não Consta),Não Mapeado,,Operação,Não Mapeado,DIRETO
2310685273,Pendente de Lançamento (Não Consta),Não Mapeado,,Operação,Não Mapeado,DIRETO
2310697675,Pendente de Lançamento (Não Consta),Não Mapeado,,Operação,Não Mapeado,DIRETO
2310697733,Pendente de Lançamento (Não Consta),Não Mapeado,,Operação,Não Mapeado,DIRETO
2310698492,Pendente de Lançamento (Não Consta),Não Mapeado,,Operação,Não Mapeado,DIRETO
2310700175,Pendente de Lançamento (Não Consta),Não Mapeado,,Operação,Não Mapeado,DIRETO
2310701372,Pendente de Lançamento (Não Consta),Não Mapeado,,Operação,Não Mapeado,DIRETO
2310703760,Pendente de Lançamento (Não Consta),Não Mapeado,,Operação,Não Mapeado,DIRETO
2310709696,Pendente de Lançamento (Não Consta),Não Mapeado,,Operação,Não Mapeado,DIRETO
2310750275,Pendente de Lançamento (Não Consta),Não Mapeado,,Operação,Não Mapeado,DIRETO
2310751872,Pendente de Lançamento (Não Consta),Não Mapeado,,Operação,Não Mapeado,DIRETO
2310760326,Pendente de Lançamento (Não Consta),Não Mapeado,,Operação,Não Mapeado,DIRETO
2310777366,Pendente de Lançamento (Não Consta),Não Mapeado,,Operação,Não Mapeado,DIRETO
2310780635,Pendente de Lançamento (Não Consta),Não Mapeado,,Operação,Não Mapeado,DIRETO
2310784482,Pendente de Lançamento (Não Consta),Não Mapeado,,Operação,Não Mapeado,DIRETO
2310816281,Pendente de Lançamento (Não Consta),Não Mapeado,,Operação,Não Mapeado,DIRETO
2310885976,Pendente de Lançamento (Não Consta),Não Mapeado,,Operação,Não Mapeado,DIRETO
2310885977,Pendente de Lançamento (Não Consta),Não Mapeado,,Operação,Não Mapeado,DIRETO
2310900290,Pendente de Lançamento (Não Consta),Não Mapeado,,Operação,Não Mapeado,DIRETO
2310900891,Pendente de Lançamento (Não Consta),Não Mapeado,,Operação,Não Mapeado,DIRETO
2310902408,Pendente de Lançamento (Não Consta),Não Mapeado,,Operação,Não Mapeado,DIRETO
2310980670,Pendente de Lançamento (Não Consta),Não Mapeado,,Operação,Não Mapeado,DIRETO
2310982548,Pendente de Lançamento (Não Consta),Não Mapeado,,Operação,Não Mapeado,DIRETO
2310990544,Pendente de Lançamento (Não Consta),Não Mapeado,,Operação,Não Mapeado,DIRETO
2310991624,Pendente de Lançamento (Não Consta),Não Mapeado,,Operação,Não Mapeado,DIRETO
2311038016,Pendente de Lançamento (Não Consta),Não Mapeado,,Operação,Não Mapeado,DIRETO
2311041533,Pendente de Lançamento (Não Consta),Não Mapeado,,Operação,Não Mapeado,DIRETO
2311050338,Pendente de Lançamento (Não Consta),Não Mapeado,,Operação,Não Mapeado,DIRETO
2311054535,Pendente de Lançamento (Não Consta),Não Mapeado,,Operação,Não Mapeado,DIRETO
2311054536,Pendente de Lançamento (Não Consta),Não Mapeado,,Operação,Não Mapeado,DIRETO
2311061498,Pendente de Lançamento (Não Consta),Não Mapeado,,Operação,Não Mapeado,DIRETO
2311064453,Pendente de Lançamento (Não Consta),Não Mapeado,,Operação,Não Mapeado,DIRETO
2311105469,Pendente de Lançamento (Não Consta),Não Mapeado,,Operação,Não Mapeado,DIRETO
2311112582,Pendente de Lançamento (Não Consta),Não Mapeado,,Operação,Não Mapeado,DIRETO
2311112996,Pendente de Lançamento (Não Consta),Não Mapeado,,Operação,Não Mapeado,DIRETO
2311113775,Pendente de Lançamento (Não Consta),Não Mapeado,,Operação,Não Mapeado,DIRETO
2311113798,Pendente de Lançamento (Não Consta),Não Mapeado,,Operação,Não Mapeado,DIRETO
2311114077,Pendente de Lançamento (Não Consta),Não Mapeado,,Operação,Não Mapeado,DIRETO
2311114646,Pendente de Lançamento (Não Consta),Não Mapeado,,Operação,Não Mapeado,DIRETO
2311114755,Pendente de Lançamento (Não Consta),Não Mapeado,,Operação,Não Mapeado,DIRETO
2311119002,Pendente de Lançamento (Não Consta),Não Mapeado,,Operação,Não Mapeado,DIRETO
2311121645,Pendente de Lançamento (Não Consta),Não Mapeado,,Operação,Não Mapeado,DIRETO
2311126864,Pendente de Lançamento (Não Consta),Não Mapeado,,Operação,Não Mapeado,DIRETO
2311132452,Pendente de Lançamento (Não Consta),Não Mapeado,,Operação,Não Mapeado,DIRETO
2311135127,Pendente de Lançamento (Não Consta),Não Mapeado,,Operação,Não Mapeado,DIRETO
2311139787,Pendente de Lançamento (Não Consta),Não Mapeado,,Operação,Não Mapeado,DIRETO
2311140139,Pendente de Lançamento (Não Consta),Não Mapeado,,Operação,Não Mapeado,DIRETO
2311143352,Pendente de Lançamento (Não Consta),Não Mapeado,,Operação,Não Mapeado,DIRETO
2311143964,Pendente de Lançamento (Não Consta),Não Mapeado,,Operação,Não Mapeado,DIRETO
2311146701,Pendente de Lançamento (Não Consta),Não Mapeado,,Operação,Não Mapeado,DIRETO
2311148746,Pendente de Lançamento (Não Consta),Não Mapeado,,Operação,Não Mapeado,DIRETO
2311174405,Pendente de Lançamento (Não Consta),Não Mapeado,,Operação,Não Mapeado,DIRETO
2311181220,Pendente de Lançamento (Não Consta),Não Mapeado,,Operação,Não Mapeado,DIRETO
2311181497,Pendente de Lançamento (Não Consta),Não Mapeado,,Operação,Não Mapeado,DIRETO
2311182141,Pendente de Lançamento (Não Consta),Não Mapeado,,Operação,Não Mapeado,DIRETO
2311184435,Pendente de Lançamento (Não Consta),Não Mapeado,,Operação,Não Mapeado,DIRETO
2311191606,Pendente de Lançamento (Não Consta),Não Mapeado,,Operação,Não Mapeado,DIRETO
2311204795,Pendente de Lançamento (Não Consta),Não Mapeado,,Operação,Não Mapeado,DIRETO
2311207237,Pendente de Lançamento (Não Consta),Não Mapeado,,Operação,Não Mapeado,DIRETO
2311207624,Pendente de Lançamento (Não Consta),Não Mapeado,,Operação,Não Mapeado,DIRETO
2311210254,Pendente de Lançamento (Não Consta),Não Mapeado,,Operação,Não Mapeado,DIRETO
2311218924,Pendente de Lançamento (Não Consta),Não Mapeado,,Operação,Não Mapeado,DIRETO
2311287971,Pendente de Lançamento (Não Consta),Não Mapeado,,Operação,Não Mapeado,DIRETO
2311380872,Pendente de Lançamento (Não Consta),Não Mapeado,,Operação,Não Mapeado,DIRETO
2311381336,Pendente de Lançamento (Não Consta),Não Mapeado,,Operação,Não Mapeado,DIRETO
2311384635,Pendente de Lançamento (Não Consta),Não Mapeado,,Operação,Não Mapeado,DIRETO
2311407865,Pendente de Lançamento (Não Consta),Não Mapeado,,Operação,Não Mapeado,DIRETO
2311437191,Pendente de Lançamento (Não Consta),Não Mapeado,,Operação,Não Mapeado,DIRETO
2311442812,Pendente de Lançamento (Não Consta),Não Mapeado,,Operação,Não Mapeado,DIRETO
2311449422,Pendente de Lançamento (Não Consta),Não Mapeado,,Operação,Não Mapeado,DIRETO
2311455568,Pendente de Lançamento (Não Consta),Não Mapeado,,Operação,Não Mapeado,DIRETO
2311457948,Pendente de Lançamento (Não Consta),Não Mapeado,,Operação,Não Mapeado,DIRETO
2311464294,Pendente de Lançamento (Não Consta),Não Mapeado,,Operação,Não Mapeado,DIRETO
2311466224,Pendente de Lançamento (Não Consta),Não Mapeado,,Operação,Não Mapeado,DIRETO
2311469280,Pendente de Lançamento (Não Consta),Não Mapeado,,Operação,Não Mapeado,DIRETO
2311472211,Pendente de Lançamento (Não Consta),Não Mapeado,,Operação,Não Mapeado,DIRETO
2311477783,Pendente de Lançamento (Não Consta),Não Mapeado,,Operação,Não Mapeado,DIRETO
2311482587,Pendente de Lançamento (Não Consta),Não Mapeado,,Operação,Não Mapeado,DIRETO
2311484285,Pendente de Lançamento (Não Consta),Não Mapeado,,Operação,Não Mapeado,DIRETO
2311485934,Pendente de Lançamento (Não Consta),Não Mapeado,,Operação,Não Mapeado,DIRETO
2311519227,Pendente de Lançamento (Não Consta),Não Mapeado,,Operação,Não Mapeado,DIRETO
2311519960,Pendente de Lançamento (Não Consta),Não Mapeado,,Operação,Não Mapeado,DIRETO
2311523199,Pendente de Lançamento (Não Consta),Não Mapeado,,Operação,Não Mapeado,DIRETO
2311539511,Pendente de Lançamento (Não Consta),Não Mapeado,,Operação,Não Mapeado,DIRETO
2311540597,Pendente de Lançamento (Não Consta),Não Mapeado,,Operação,Não Mapeado,DIRETO
2311544933,Pendente de Lançamento (Não Consta),Não Mapeado,,Operação,Não Mapeado,DIRETO
2311545221,Pendente de Lançamento (Não Consta),Não Mapeado,,Operação,Não Mapeado,DIRETO
2311550971,Pendente de Lançamento (Não Consta),Não Mapeado,,Operação,Não Mapeado,DIRETO
2311551367,Pendente de Lançamento (Não Consta),Não Mapeado,,Operação,Não Mapeado,DIRETO
2311557258,Pendente de Lançamento (Não Consta),Não Mapeado,,Operação,Não Mapeado,DIRETO
2311558550,Pendente de Lançamento (Não Consta),Não Mapeado,,Operação,Não Mapeado,DIRETO
2311562708,Pendente de Lançamento (Não Consta),Não Mapeado,,Operação,Não Mapeado,DIRETO
2311581497,Pendente de Lançamento (Não Consta),Não Mapeado,,Operação,Não Mapeado,DIRETO
2311582302,Pendente de Lançamento (Não Consta),Não Mapeado,,Operação,Não Mapeado,DIRETO
2311599542,Pendente de Lançamento (Não Consta),Não Mapeado,,Operação,Não Mapeado,DIRETO
2311602154,Pendente de Lançamento (Não Consta),Não Mapeado,,Operação,Não Mapeado,DIRETO
2311618647,Pendente de Lançamento (Não Consta),Não Mapeado,,Operação,Não Mapeado,DIRETO
2311627548,Pendente de Lançamento (Não Consta),Não Mapeado,,Operação,Não Mapeado,DIRETO
2311628708,Pendente de Lançamento (Não Consta),Não Mapeado,,Operação,Não Mapeado,DIRETO
2311630054,Pendente de Lançamento (Não Consta),Não Mapeado,,Operação,Não Mapeado,DIRETO
2311630313,Pendente de Lançamento (Não Consta),Não Mapeado,,Operação,Não Mapeado,DIRETO
2311630616,Pendente de Lançamento (Não Consta),Não Mapeado,,Operação,Não Mapeado,DIRETO
2311633370,Pendente de Lançamento (Não Consta),Não Mapeado,,Operação,Não Mapeado,DIRETO
2311640449,Pendente de Lançamento (Não Consta),Não Mapeado,,Operação,Não Mapeado,DIRETO
2311642366,Pendente de Lançamento (Não Consta),Não Mapeado,,Operação,Não Mapeado,DIRETO
2311642526,Pendente de Lançamento (Não Consta),Não Mapeado,,Operação,Não Mapeado,DIRETO
2311643029,Pendente de Lançamento (Não Consta),Não Mapeado,,Operação,Não Mapeado,DIRETO
2311646866,Pendente de Lançamento (Não Consta),Não Mapeado,,Operação,Não Mapeado,DIRETO
2311647416,Pendente de Lançamento (Não Consta),Não Mapeado,,Operação,Não Mapeado,DIRETO
2311652084,Pendente de Lançamento (Não Consta),Não Mapeado,,Operação,Não Mapeado,DIRETO
2311654743,Pendente de Lançamento (Não Consta),Não Mapeado,,Operação,Não Mapeado,DIRETO
2311655254,Pendente de Lançamento (Não Consta),Não Mapeado,,Operação,Não Mapeado,DIRETO
2311661182,Pendente de Lançamento (Não Consta),Não Mapeado,,Operação,Não Mapeado,DIRETO
2311678885,Pendente de Lançamento (Não Consta),Não Mapeado,,Operação,Não Mapeado,DIRETO
2311726858,Pendente de Lançamento (Não Consta),Não Mapeado,,Operação,Não Mapeado,DIRETO
2311728188,Pendente de Lançamento (Não Consta),Não Mapeado,,Operação,Não Mapeado,DIRETO
2311785437,Pendente de Lançamento (Não Consta),Não Mapeado,,Operação,Não Mapeado,DIRETO
2311786210,Pendente de Lançamento (Não Consta),Não Mapeado,,Operação,Não Mapeado,DIRETO
2311792658,Pendente de Lançamento (Não Consta),Não Mapeado,,Operação,Não Mapeado,DIRETO
2311793293,Pendente de Lançamento (Não Consta),Não Mapeado,,Operação,Não Mapeado,DIRETO
2311793470,Pendente de Lançamento (Não Consta),Não Mapeado,,Operação,Não Mapeado,DIRETO
2311793471,Pendente de Lançamento (Não Consta),Não Mapeado,,Operação,Não Mapeado,DIRETO
2311794543,Pendente de Lançamento (Não Consta),Não Mapeado,,Operação,Não Mapeado,DIRETO
2311803363,Pendente de Lançamento (Não Consta),Não Mapeado,,Operação,Não Mapeado,DIRETO
2311803409,Pendente de Lançamento (Não Consta),Não Mapeado,,Operação,Não Mapeado,DIRETO
2311807400,Pendente de Lançamento (Não Consta),Não Mapeado,,Operação,Não Mapeado,DIRETO
2311807567,Pendente de Lançamento (Não Consta),Não Mapeado,,Operação,Não Mapeado,DIRETO
2311808911,Pendente de Lançamento (Não Consta),Não Mapeado,,Operação,Não Mapeado,DIRETO
2311816846,Pendente de Lançamento (Não Consta),Não Mapeado,,Operação,Não Mapeado,DIRETO
2311833012,Pendente de Lançamento (Não Consta),Não Mapeado,,Operação,Não Mapeado,DIRETO
2311859547,Pendente de Lançamento (Não Consta),Não Mapeado,,Operação,Não Mapeado,DIRETO
2311866152,Pendente de Lançamento (Não Consta),Não Mapeado,,Operação,Não Mapeado,DIRETO
2311870761,Pendente de Lançamento (Não Consta),Não Mapeado,,Operação,Não Mapeado,DIRETO
2311888674,Pendente de Lançamento (Não Consta),Não Mapeado,,Operação,Não Mapeado,DIRETO
2311903068,Pendente de Lançamento (Não Consta),Não Mapeado,,Operação,Não Mapeado,DIRETO
2311903299,Pendente de Lançamento (Não Consta),Não Mapeado,,Operação,Não Mapeado,DIRETO
2311906307,Pendente de Lançamento (Não Consta),Não Mapeado,,Operação,Não Mapeado,DIRETO
2311906564,Pendente de Lançamento (Não Consta),Não Mapeado,,Operação,Não Mapeado,DIRETO
2311953001,Pendente de Lançamento (Não Consta),Não Mapeado,,Operação,Não Mapeado,DIRETO
2311958077,Pendente de Lançamento (Não Consta),Não Mapeado,,Operação,Não Mapeado,DIRETO
2311963034,Pendente de Lançamento (Não Consta),Não Mapeado,,Operação,Não Mapeado,DIRETO
2311964995,Pendente de Lançamento (Não Consta),Não Mapeado,,Operação,Não Mapeado,DIRETO
2311965133,Pendente de Lançamento (Não Consta),Não Mapeado,,Operação,Não Mapeado,DIRETO
2311965166,Pendente de Lançamento (Não Consta),Não Mapeado,,Operação,Não Mapeado,DIRETO
2311965423,Pendente de Lançamento (Não Consta),Não Mapeado,,Operação,Não Mapeado,DIRETO
2311965755,Pendente de Lançamento (Não Consta),Não Mapeado,,Operação,Não Mapeado,DIRETO
2311965765,Pendente de Lançamento (Não Consta),Não Mapeado,,Operação,Não Mapeado,DIRETO
2311982117,Pendente de Lançamento (Não Consta),Não Mapeado,,Operação,Não Mapeado,DIRETO
2311984806,Pendente de Lançamento (Não Consta),Não Mapeado,,Operação,Não Mapeado,DIRETO
2311993096,Pendente de Lançamento (Não Consta),Não Mapeado,,Operação,Não Mapeado,DIRETO
2311993661,Pendente de Lançamento (Não Consta),Não Mapeado,,Operação,Não Mapeado,DIRETO
2311994030,Pendente de Lançamento (Não Consta),Não Mapeado,,Operação,Não Mapeado,DIRETO
2312002576,Pendente de Lançamento (Não Consta),Não Mapeado,,Operação,Não Mapeado,DIRETO
2312002703,Pendente de Lançamento (Não Consta),Não Mapeado,,Operação,Não Mapeado,DIRETO
2312040768,Pendente de Lançamento (Não Consta),Não Mapeado,,Operação,Não Mapeado,DIRETO
2312048660,Pendente de Lançamento (Não Consta),Não Mapeado,,Operação,Não Mapeado,DIRETO
2312064165,Pendente de Lançamento (Não Consta),Não Mapeado,,Operação,Não Mapeado,DIRETO
2312065890,Pendente de Lançamento (Não Consta),Não Mapeado,,Operação,Não Mapeado,DIRETO
2312066141,Pendente de Lançamento (Não Consta),Não Mapeado,,Operação,Não Mapeado,DIRETO
2312106893,Pendente de Lançamento (Não Consta),Não Mapeado,,Operação,Não Mapeado,DIRETO
2312115478,Pendente de Lançamento (Não Consta),Não Mapeado,,Operação,Não Mapeado,DIRETO
2312115946,Pendente de Lançamento (Não Consta),Não Mapeado,,Operação,Não Mapeado,DIRETO
2312118763,Pendente de Lançamento (Não Consta),Não Mapeado,,Operação,Não Mapeado,DIRETO
2312124708,Pendente de Lançamento (Não Consta),Não Mapeado,,Operação,Não Mapeado,DIRETO
2312124806,Pendente de Lançamento (Não Consta),Não Mapeado,,Operação,Não Mapeado,DIRETO
2312139394,Pendente de Lançamento (Não Consta),Não Mapeado,,Operação,Não Mapeado,DIRETO
2312145800,Pendente de Lançamento (Não Consta),Não Mapeado,,Operação,Não Mapeado,DIRETO
2312157099,Pendente de Lançamento (Não Consta),Não Mapeado,,Operação,Não Mapeado,DIRETO
2312164677,Pendente de Lançamento (Não Consta),Não Mapeado,,Operação,Não Mapeado,DIRETO
2312165493,Pendente de Lançamento (Não Consta),Não Mapeado,,Operação,Não Mapeado,DIRETO
2312282970,Pendente de Lançamento (Não Consta),Não Mapeado,,Operação,Não Mapeado,DIRETO
2312283098,Pendente de Lançamento (Não Consta),Não Mapeado,,Operação,Não Mapeado,DIRETO
2312284156,Pendente de Lançamento (Não Consta),Não Mapeado,,Operação,Não Mapeado,DIRETO
2312284987,Pendente de Lançamento (Não Consta),Não Mapeado,,Operação,Não Mapeado,DIRETO
2312287839,Pendente de Lançamento (Não Consta),Não Mapeado,,Operação,Não Mapeado,DIRETO
2312294328,Pendente de Lançamento (Não Consta),Não Mapeado,,Operação,Não Mapeado,DIRETO
2312302361,Pendente de Lançamento (Não Consta),Não Mapeado,,Operação,Não Mapeado,DIRETO
2312303073,Pendente de Lançamento (Não Consta),Não Mapeado,,Operação,Não Mapeado,DIRETO
2312314442,Pendente de Lançamento (Não Consta),Não Mapeado,,Operação,Não Mapeado,DIRETO
2312320277,Pendente de Lançamento (Não Consta),Não Mapeado,,Operação,Não Mapeado,DIRETO
2312338891,Pendente de Lançamento (Não Consta),Não Mapeado,,Operação,Não Mapeado,DIRETO
2312359613,Pendente de Lançamento (Não Consta),Não Mapeado,,Operação,Não Mapeado,DIRETO
2312362992,Pendente de Lançamento (Não Consta),Não Mapeado,,Operação,Não Mapeado,DIRETO
2312363859,Pendente de Lançamento (Não Consta),Não Mapeado,,Operação,Não Mapeado,DIRETO
2312373702,Pendente de Lançamento (Não Consta),Não Mapeado,,Operação,Não Mapeado,DIRETO
2312383126,Pendente de Lançamento (Não Consta),Não Mapeado,,Operação,Não Mapeado,DIRETO
2312390370,Pendente de Lançamento (Não Consta),Não Mapeado,,Operação,Não Mapeado,DIRETO
2312393322,Pendente de Lançamento (Não Consta),Não Mapeado,,Operação,Não Mapeado,DIRETO
2312398388,Pendente de Lançamento (Não Consta),Não Mapeado,,Operação,Não Mapeado,DIRETO
2312403828,Pendente de Lançamento (Não Consta),Não Mapeado,,Operação,Não Mapeado,DIRETO
2312452782,Pendente de Lançamento (Não Consta),Não Mapeado,,Operação,Não Mapeado,DIRETO
2312453249,Pendente de Lançamento (Não Consta),Não Mapeado,,Operação,Não Mapeado,DIRETO
2312459147,Pendente de Lançamento (Não Consta),Não Mapeado,,Operação,Não Mapeado,DIRETO
2312463798,Pendente de Lançamento (Não Consta),Não Mapeado,,Operação,Não Mapeado,DIRETO
2312469614,Pendente de Lançamento (Não Consta),Não Mapeado,,Operação,Não Mapeado,DIRETO
2312483204,Pendente de Lançamento (Não Consta),Não Mapeado,,Operação,Não Mapeado,DIRETO
2312483247,Pendente de Lançamento (Não Consta),Não Mapeado,,Operação,Não Mapeado,DIRETO
4436998222,Emitido e Lançado,Não Mapeado,,Operação,Não Mapeado,DIRETO
[MGNCBU-1],Emitido e Lançado,Jaime Schnaider,"Lançado corretamente - GOL,  por favor verificar com a conciliação.",Operação,Não Mapeado,DIRETO
4436998223,Emitido e Lançado,Não Mapeado,,Operação,Não Mapeado,DIRETO
4436998224,Emitido e Lançado,Não Mapeado,,Operação,Não Mapeado,DIRETO
4436998225,Emitido e Lançado,Não Mapeado,,Operação,Não Mapeado,DIRETO
4438007284,Emitido e Lançado,Não Mapeado,,Operação,Não Mapeado,DIRETO
4438007493,Emitido e Lançado,Não Mapeado,,Operação,Não Mapeado,DIRETO
4438007655,Emitido e Lançado,Não Mapeado,,Operação,Não Mapeado,DIRETO
4438331352,Pendente de Lançamento (Não Consta),Não Mapeado,,Operação,Não Mapeado,DIRETO
4438694220,Pendente de Lançamento (Não Consta),Não Mapeado,,Operação,Não Mapeado,DIRETO
4439359457,Pendente de Lançamento (Não Consta),Não Mapeado,,Operação,Não Mapeado,DIRETO
4439359458,Pendente de Lançamento (Não Consta),Não Mapeado,,Operação,Não Mapeado,DIRETO
4439359459,Pendente de Lançamento (Não Consta),Não Mapeado,,Operação,Não Mapeado,DIRETO
4439406941,Pendente de Lançamento (Não Consta),Não Mapeado,,Operação,Não Mapeado,DIRETO
4439516733,Emitido e Lançado,Não Mapeado,,Operação,Não Mapeado,DIRETO
4439604134,Emitido e Lançado,Não Mapeado,,Operação,Não Mapeado,DIRETO
4439604388,Emitido e Lançado,Não Mapeado,,Operação,Não Mapeado,DIRETO
4440712440,Pendente de Lançamento (Não Consta),Não Mapeado,,Operação,Não Mapeado,DIRETO
4442411285,Pendente de Lançamento (Não Consta),Não Mapeado,,Operação,Não Mapeado,DIRETO
4442814297,Emitido e Lançado,Não Mapeado,,Operação,Não Mapeado,DIRETO
4443671734,Pendente de Lançamento (Não Consta),Não Mapeado,,Operação,Não Mapeado,DIRETO
4443671735,Pendente de Lançamento (Não Consta),Não Mapeado,,Operação,Não Mapeado,DIRETO
4443900879,Pendente de Lançamento (Não Consta),Não Mapeado,,Operação,Não Mapeado,DIRETO
4444026107,Emitido e Lançado,Não Mapeado,,Operação,Não Mapeado,DIRETO
4444026277,Emitido e Lançado,Não Mapeado,,Operação,Não Mapeado,DIRETO
4444122848,Pendente de Lançamento (Não Consta),Não Mapeado,,Operação,Não Mapeado,DIRETO
4444122849,Pendente de Lançamento (Não Consta),Não Mapeado,,Operação,Não Mapeado,DIRETO
4444377073,Pendente de Lançamento (Não Consta),Não Mapeado,,Operação,Não Mapeado,DIRETO
4444421522,Pendente de Lançamento (Não Consta),Não Mapeado,,Operação,Não Mapeado,DIRETO
4444425644,Pendente de Lançamento (Não Consta),Não Mapeado,,Operação,Não Mapeado,DIRETO
2307926587,Pendente de Lançamento (Não Consta),Não Mapeado,,Operação,Não Mapeado,DIRETO
2307926588,Pendente de Lançamento (Não Consta),Não Mapeado,,Operação,Não Mapeado,DIRETO
2309448565,Pendente de Lançamento (Não Consta),Não Mapeado,,Operação,Não Mapeado,DIRETO
4443258767,Pendente de Lançamento (Não Consta),Não Mapeado,,Operação,Não Mapeado,DIRETO
2302009261,Emitido e Lançado,Não Mapeado,,Operação,Não Mapeado,DIRETO
2303241561,Emitido e Lançado,Não Mapeado,,Operação,Não Mapeado,DIRETO
2303241562,Emitido e Lançado,Não Mapeado,,Operação,Não Mapeado,DIRETO
2303241563,Emitido e Lançado,Não Mapeado,,Operação,Não Mapeado,DIRETO
2303241564,Emitido e Lançado,Não Mapeado,,Operação,Não Mapeado,DIRETO
2303241565,Emitido e Lançado,Não Mapeado,,Operação,Não Mapeado,DIRETO
2303241566,Emitido e Lançado,Não Mapeado,,Operação,Não Mapeado,DIRETO
2303241567,Emitido e Lançado,Não Mapeado,,Operação,Não Mapeado,DIRETO
2303241568,Emitido e Lançado,Não Mapeado,,Operação,Não Mapeado,DIRETO
2303241571,Emitido e Lançado,Não Mapeado,,Operação,Não Mapeado,DIRETO
2303241572,Emitido e Lançado,Não Mapeado,,Operação,Não Mapeado,DIRETO
2303241573,Emitido e Lançado,Não Mapeado,,Operação,Não Mapeado,DIRETO
2303241574,Emitido e Lançado,Não Mapeado,,Operação,Não Mapeado,DIRETO
2303241575,Emitido e Lançado,Não Mapeado,,Operação,Não Mapeado,DIRETO
2303241576,Emitido e Lançado,Não Mapeado,,Operação,Não Mapeado,DIRETO
2303241577,Emitido e Lançado,Não Mapeado,,Operação,Não Mapeado,DIRETO
2303241578,Emitido e Lançado,Não Mapeado,,Operação,Não Mapeado,DIRETO
2303241579,Emitido e Lançado,Não Mapeado,,Operação,Não Mapeado,DIRETO
2303241580,Emitido e Lançado,Não Mapeado,,Operação,Não Mapeado,DIRETO
2303241581,Emitido e Lançado,Não Mapeado,,Operação,Não Mapeado,DIRETO
2303241582,Emitido e Lançado,Não Mapeado,,Operação,Não Mapeado,DIRETO
2303241583,Emitido e Lançado,Não Mapeado,,Operação,Não Mapeado,DIRETO
2303241584,Emitido e Lançado,Não Mapeado,,Operação,Não Mapeado,DIRETO
2303242027,Emitido e Lançado,Não Mapeado,,Operação,Não Mapeado,DIRETO
2303244554,Emitido e Lançado,Não Mapeado,,Operação,Não Mapeado,DIRETO
2303244555,Emitido e Lançado,Não Mapeado,,Operação,Não Mapeado,DIRETO
2303244556,Emitido e Lançado,Não Mapeado,,Operação,Não Mapeado,DIRETO
2303244557,Emitido e Lançado,Não Mapeado,,Operação,Não Mapeado,DIRETO
2303244558,Emitido e Lançado,Não Mapeado,,Operação,Não Mapeado,DIRETO
2303244559,Emitido e Lançado,Não Mapeado,,Operação,Não Mapeado,DIRETO
2303244560,Emitido e Lançado,Não Mapeado,,Operação,Não Mapeado,DIRETO
2303244561,Emitido e Lançado,Não Mapeado,,Operação,Não Mapeado,DIRETO
2303244564,Emitido e Lançado,Não Mapeado,,Operação,Não Mapeado,DIRETO
2303244565,Emitido e Lançado,Não Mapeado,,Operação,Não Mapeado,DIRETO
2303244566,Emitido e Lançado,Não Mapeado,,Operação,Não Mapeado,DIRETO
2303244567,Emitido e Lançado,Não Mapeado,,Operação,Não Mapeado,DIRETO
2303244568,Emitido e Lançado,Não Mapeado,,Operação,Não Mapeado,DIRETO
2303244569,Emitido e Lançado,Não Mapeado,,Operação,Não Mapeado,DIRETO
2303244570,Emitido e Lançado,Não Mapeado,,Operação,Não Mapeado,DIRETO
2303244573,Emitido e Lançado,Não Mapeado,,Operação,Não Mapeado,DIRETO
2303244574,Emitido e Lançado,Não Mapeado,,Operação,Não Mapeado,DIRETO
2303244575,Emitido e Lançado,Não Mapeado,,Operação,Não Mapeado,DIRETO
2303244576,Emitido e Lançado,Não Mapeado,,Operação,Não Mapeado,DIRETO
2303244577,Emitido e Lançado,Não Mapeado,,Operação,Não Mapeado,DIRETO
2303244578,Emitido e Lançado,Não Mapeado,,Operação,Não Mapeado,DIRETO
2303244579,Emitido e Lançado,Não Mapeado,,Operação,Não Mapeado,DIRETO
2303244582,Emitido e Lançado,Não Mapeado,,Operação,Não Mapeado,DIRETO
2303244583,Emitido e Lançado,Não Mapeado,,Operação,Não Mapeado,DIRETO
2303244610,Emitido e Lançado,Não Mapeado,,Operação,Não Mapeado,DIRETO
